ticker,company,source_type,source_url,candidate_url,final_url,discovery_method,anchor_text,candidate_year,http_status,content_type,accepted,reject_reason,title,published_at,available_at,body_word_count,canonical_url,api_payload_url,date_source
AMZN,Amazon,press_releases_archive,https://ir.aboutamazon.com/news-release/default.aspx,https://ir.aboutamazon.com/news-release/news-release-details/2021/Amazon.com-Announces-Third-Quarter-Results/default.aspx,https://ir.aboutamazon.com/news-release/news-release-details/2021/Amazon.com-Announces-Third-Quarter-Results/default.aspx,q4_press_release_feed,Amazon.com Announces Third Quarter Results,2021,403,text/html; charset=UTF-8,yes,,Amazon.com Announces Third Quarter Results,2021-10-28T16:01:00Z,2021-10-28T16:01:00Z,9178,https://ir.aboutamazon.com/news-release/news-release-details/2021/Amazon.com-Announces-Third-Quarter-Results/default.aspx,https://ir.aboutamazon.com/feed/PressRelease.svc/GetPressReleaseList?LanguageId=1&bodyType=2&pressReleaseDateFilter=3&categoryId=&pageSize=5&pageNumber=0&tagList=&includeTags=true&year=2021&excludeSelection=1,q4_press_release_feed_published_at
AMZN,Amazon,earnings_results_archive,https://ir.aboutamazon.com/quarterly-results/default.aspx,https://ir.aboutamazon.com/news-release/news-release-details/2021/Amazon.com-Announces-Third-Quarter-Results/default.aspx,https://ir.aboutamazon.com/news-release/news-release-details/2021/Amazon.com-Announces-Third-Quarter-Results/default.aspx,q4_press_release_feed,Amazon.com Announces Third Quarter Results,2021,403,text/html; charset=UTF-8,no,duplicate_doc_id,Amazon.com Announces Third Quarter Results,2021-10-28T16:01:00Z,2021-10-28T16:01:00Z,9178,https://ir.aboutamazon.com/news-release/news-release-details/2021/Amazon.com-Announces-Third-Quarter-Results/default.aspx,https://ir.aboutamazon.com/feed/PressRelease.svc/GetPressReleaseList?LanguageId=1&bodyType=2&pressReleaseDateFilter=3&categoryId=&pageSize=5&pageNumber=0&tagList=&includeTags=true&year=2021&excludeSelection=1,q4_press_release_feed_published_at
AMZN,Amazon,earnings_results_archive,https://ir.aboutamazon.com/quarterly-results/default.aspx,https://ir.aboutamazon.com/news-release/news-release-details/2021/Amazon.com-to-Webcast-Third-Quarter-2021-Financial-Results-Conference-Call/default.aspx,https://ir.aboutamazon.com/news-release/news-release-details/2021/Amazon.com-to-Webcast-Third-Quarter-2021-Financial-Results-Conference-Call/default.aspx,q4_press_release_feed,Amazon.com to Webcast Third Quarter 2021 Financial Results Conference Call,2021,403,text/html; charset=UTF-8,no,body_too_short,Amazon.com to Webcast Third Quarter 2021 Financial Results Conference Call,2021-10-14T16:01:00Z,2021-10-14T16:01:00Z,94,https://ir.aboutamazon.com/news-release/news-release-details/2021/Amazon.com-to-Webcast-Third-Quarter-2021-Financial-Results-Conference-Call/default.aspx,https://ir.aboutamazon.com/feed/PressRelease.svc/GetPressReleaseList?LanguageId=1&bodyType=2&pressReleaseDateFilter=3&categoryId=&pageSize=5&pageNumber=0&tagList=&includeTags=true&year=2021&excludeSelection=1,q4_press_release_feed_published_at
AMZN,Amazon,earnings_results_archive,https://ir.aboutamazon.com/quarterly-results/default.aspx,https://ir.aboutamazon.com/news-release/news-release-details/2021/Amazon.com-Announces-Second-Quarter-Results-2dcdc6a32/default.aspx,https://ir.aboutamazon.com/news-release/news-release-details/2021/Amazon.com-Announces-Second-Quarter-Results-2dcdc6a32/default.aspx,q4_press_release_feed,Amazon.com Announces Second Quarter Results,2021,403,text/html; charset=UTF-8,yes,,Amazon.com Announces Second Quarter Results,2021-07-29T16:01:00Z,2021-07-29T16:01:00Z,8599,https://ir.aboutamazon.com/news-release/news-release-details/2021/Amazon.com-Announces-Second-Quarter-Results-2dcdc6a32/default.aspx,https://ir.aboutamazon.com/feed/PressRelease.svc/GetPressReleaseList?LanguageId=1&bodyType=2&pressReleaseDateFilter=3&categoryId=&pageSize=5&pageNumber=0&tagList=&includeTags=true&year=2021&excludeSelection=1,q4_press_release_feed_published_at
AXP,American Express,press_releases_archive,https://ir.americanexpress.com/News/default.aspx,https://ir.americanexpress.com/news/investor-relations-news/investor-relations-news-details/2021/American-Express-Plans-Live-Audio-Webcast-of-Fourth-Quarter-2021-Earnings-Conference-Call/default.aspx,https://ir.americanexpress.com/news/investor-relations-news/investor-relations-news-details/2021/American-Express-Plans-Live-Audio-Webcast-of-Fourth-Quarter-2021-Earnings-Conference-Call/default.aspx,q4_press_release_feed,American Express Plans Live Audio Webcast of Fourth Quarter 2021 Earnings Conference Call,2021,200,text/html; charset=utf-8,yes,,American Express Plans Live Audio Webcast of Fourth Quarter 2021 Earnings Conference Call,2021-12-15T09:00:00Z,2021-12-15T09:00:00Z,241,https://ir.americanexpress.com/news/investor-relations-news/investor-relations-news-details/2021/American-Express-Plans-Live-Audio-Webcast-of-Fourth-Quarter-2021-Earnings-Conference-Call/default.aspx,https://ir.americanexpress.com/feed/PressRelease.svc/GetPressReleaseList?LanguageId=1&bodyType=2&pressReleaseDateFilter=3&categoryId=&pageSize=5&pageNumber=0&tagList=&includeTags=true&year=2021&excludeSelection=1,q4_press_release_feed_published_at
AXP,American Express,earnings_results_archive,https://ir.americanexpress.com/financials/,https://ir.americanexpress.com/news/investor-relations-news/investor-relations-news-details/2021/American-Express-Plans-Live-Audio-Webcast-of-Fourth-Quarter-2021-Earnings-Conference-Call/default.aspx,https://ir.americanexpress.com/news/investor-relations-news/investor-relations-news-details/2021/American-Express-Plans-Live-Audio-Webcast-of-Fourth-Quarter-2021-Earnings-Conference-Call/default.aspx,q4_press_release_feed,American Express Plans Live Audio Webcast of Fourth Quarter 2021 Earnings Conference Call,2021,200,text/html; charset=utf-8,no,duplicate_doc_id,American Express Plans Live Audio Webcast of Fourth Quarter 2021 Earnings Conference Call,2021-12-15T09:00:00Z,2021-12-15T09:00:00Z,241,https://ir.americanexpress.com/news/investor-relations-news/investor-relations-news-details/2021/American-Express-Plans-Live-Audio-Webcast-of-Fourth-Quarter-2021-Earnings-Conference-Call/default.aspx,https://ir.americanexpress.com/feed/PressRelease.svc/GetPressReleaseList?LanguageId=1&bodyType=2&pressReleaseDateFilter=3&categoryId=&pageSize=5&pageNumber=0&tagList=&includeTags=true&year=2021&excludeSelection=1,q4_press_release_feed_published_at
AXP,American Express,earnings_results_archive,https://ir.americanexpress.com/financials/,https://ir.americanexpress.com/news/investor-relations-news/investor-relations-news-details/2021/American-Express-Declares-Regular-Quarterly-Dividend-20dbfea73/default.aspx,https://ir.americanexpress.com/news/investor-relations-news/investor-relations-news-details/2021/American-Express-Declares-Regular-Quarterly-Dividend-20dbfea73/default.aspx,q4_press_release_feed,American Express Declares Regular Quarterly Dividend,2021,200,text/html; charset=utf-8,yes,,American Express Declares Regular Quarterly Dividend,2021-12-08T16:00:00Z,2021-12-08T16:00:00Z,179,https://ir.americanexpress.com/news/investor-relations-news/investor-relations-news-details/2021/American-Express-Declares-Regular-Quarterly-Dividend-20dbfea73/default.aspx,https://ir.americanexpress.com/feed/PressRelease.svc/GetPressReleaseList?LanguageId=1&bodyType=2&pressReleaseDateFilter=3&categoryId=&pageSize=5&pageNumber=0&tagList=&includeTags=true&year=2021&excludeSelection=1,q4_press_release_feed_published_at
BA,Boeing,press_releases_archive,https://investors.boeing.com/investors/news/default.aspx,https://investors.boeing.com/investors/news/press-release-details/2021/Boeing-Announces-UPS-Purchase-of-19-767-Freighters/default.aspx,https://investors.boeing.com/investors/news/press-release-details/2021/Boeing-Announces-UPS-Purchase-of-19-767-Freighters/default.aspx,q4_press_release_feed,Boeing Announces UPS Purchase of 19 767 Freighters,2021,200,text/html; charset=utf-8,yes,,Boeing Announces UPS Purchase of 19 767 Freighters,2021-12-21T08:30:00Z,2021-12-21T08:30:00Z,490,https://investors.boeing.com/investors/news/press-release-details/2021/Boeing-Announces-UPS-Purchase-of-19-767-Freighters/default.aspx,https://investors.boeing.com/feed/PressRelease.svc/GetPressReleaseList?LanguageId=1&bodyType=2&pressReleaseDateFilter=3&categoryId=&pageSize=5&pageNumber=0&tagList=&includeTags=true&year=2021&excludeSelection=1,q4_press_release_feed_published_at
BA,Boeing,earnings_results_archive,https://investors.boeing.com/investors/financial-reports/default.aspx,https://investors.boeing.com/investors/news/press-release-details/2021/Boeing-Announces-UPS-Purchase-of-19-767-Freighters/default.aspx,https://investors.boeing.com/investors/news/press-release-details/2021/Boeing-Announces-UPS-Purchase-of-19-767-Freighters/default.aspx,q4_press_release_feed,Boeing Announces UPS Purchase of 19 767 Freighters,2021,200,text/html; charset=utf-8,no,duplicate_doc_id,Boeing Announces UPS Purchase of 19 767 Freighters,2021-12-21T08:30:00Z,2021-12-21T08:30:00Z,490,https://investors.boeing.com/investors/news/press-release-details/2021/Boeing-Announces-UPS-Purchase-of-19-767-Freighters/default.aspx,https://investors.boeing.com/feed/PressRelease.svc/GetPressReleaseList?LanguageId=1&bodyType=2&pressReleaseDateFilter=3&categoryId=&pageSize=5&pageNumber=0&tagList=&includeTags=true&year=2021&excludeSelection=1,q4_press_release_feed_published_at
BA,Boeing,earnings_results_archive,https://investors.boeing.com/investors/financial-reports/default.aspx,https://investors.boeing.com/investors/news/press-release-details/2021/Summary-Notice-of-Pendency-of-Derivative-Action-Proposed-Settlement-of-Derivative-Action-Settlement-Hearing-and-Right-to-Appear/default.aspx,https://investors.boeing.com/investors/news/press-release-details/2021/Summary-Notice-of-Pendency-of-Derivative-Action-Proposed-Settlement-of-Derivative-Action-Settlement-Hearing-and-Right-to-Appear/default.aspx,q4_press_release_feed,"Summary Notice of Pendency of Derivative Action, Proposed Settlement of Derivative Action, Settlement Hearing and Right to Appear",2021,200,text/html; charset=utf-8,yes,,"Summary Notice of Pendency of Derivative Action, Proposed Settlement of Derivative Action, Settlement Hearing and Right to Appear",2021-12-17T07:00:00Z,2021-12-17T07:00:00Z,907,https://investors.boeing.com/investors/news/press-release-details/2021/Summary-Notice-of-Pendency-of-Derivative-Action-Proposed-Settlement-of-Derivative-Action-Settlement-Hearing-and-Right-to-Appear/default.aspx,https://investors.boeing.com/feed/PressRelease.svc/GetPressReleaseList?LanguageId=1&bodyType=2&pressReleaseDateFilter=3&categoryId=&pageSize=5&pageNumber=0&tagList=&includeTags=true&year=2021&excludeSelection=1,q4_press_release_feed_published_at
CAT,Caterpillar,press_releases_archive,https://investors.caterpillar.com/news/default.aspx,https://investors.caterpillar.com/news/news-details/2021/Caterpillar-BNSF-and-Chevron-Agree-to-Pursue-Hydrogen-Locomotive-Demonstration/default.aspx,https://investors.caterpillar.com/news/news-details/2021/Caterpillar-BNSF-and-Chevron-Agree-to-Pursue-Hydrogen-Locomotive-Demonstration/default.aspx,q4_press_release_feed,"Caterpillar, BNSF and Chevron Agree to Pursue Hydrogen Locomotive Demonstration",2021,403,text/html; charset=UTF-8,yes,,"Caterpillar, BNSF and Chevron Agree to Pursue Hydrogen Locomotive Demonstration",2021-12-14T09:00:00Z,2021-12-14T09:00:00Z,2180,https://investors.caterpillar.com/news/news-details/2021/Caterpillar-BNSF-and-Chevron-Agree-to-Pursue-Hydrogen-Locomotive-Demonstration/default.aspx,https://investors.caterpillar.com/feed/PressRelease.svc/GetPressReleaseList?LanguageId=1&bodyType=2&pressReleaseDateFilter=3&categoryId=&pageSize=5&pageNumber=0&tagList=&includeTags=true&year=2021&excludeSelection=1,q4_press_release_feed_published_at
CAT,Caterpillar,earnings_results_archive,https://investors.caterpillar.com/financials/quarterly-results/default.aspx,https://investors.caterpillar.com/news/news-details/2021/Caterpillar-BNSF-and-Chevron-Agree-to-Pursue-Hydrogen-Locomotive-Demonstration/default.aspx,https://investors.caterpillar.com/news/news-details/2021/Caterpillar-BNSF-and-Chevron-Agree-to-Pursue-Hydrogen-Locomotive-Demonstration/default.aspx,q4_press_release_feed,"Caterpillar, BNSF and Chevron Agree to Pursue Hydrogen Locomotive Demonstration",2021,403,text/html; charset=UTF-8,no,duplicate_doc_id,"Caterpillar, BNSF and Chevron Agree to Pursue Hydrogen Locomotive Demonstration",2021-12-14T09:00:00Z,2021-12-14T09:00:00Z,2180,https://investors.caterpillar.com/news/news-details/2021/Caterpillar-BNSF-and-Chevron-Agree-to-Pursue-Hydrogen-Locomotive-Demonstration/default.aspx,https://investors.caterpillar.com/feed/PressRelease.svc/GetPressReleaseList?LanguageId=1&bodyType=2&pressReleaseDateFilter=3&categoryId=&pageSize=5&pageNumber=0&tagList=&includeTags=true&year=2021&excludeSelection=1,q4_press_release_feed_published_at
CAT,Caterpillar,earnings_results_archive,https://investors.caterpillar.com/financials/quarterly-results/default.aspx,https://investors.caterpillar.com/news/news-details/2021/Caterpillar-Inc.-Maintains-Dividend-f93083bb4/default.aspx,https://investors.caterpillar.com/news/news-details/2021/Caterpillar-Inc.-Maintains-Dividend-f93083bb4/default.aspx,q4_press_release_feed,Caterpillar Inc. Maintains Dividend,2021,403,text/html; charset=UTF-8,yes,,Caterpillar Inc. Maintains Dividend,2021-12-08T11:00:00Z,2021-12-08T11:00:00Z,764,https://investors.caterpillar.com/news/news-details/2021/Caterpillar-Inc.-Maintains-Dividend-f93083bb4/default.aspx,https://investors.caterpillar.com/feed/PressRelease.svc/GetPressReleaseList?LanguageId=1&bodyType=2&pressReleaseDateFilter=3&categoryId=&pageSize=5&pageNumber=0&tagList=&includeTags=true&year=2021&excludeSelection=1,q4_press_release_feed_published_at
CRM,Salesforce,press_releases_archive,https://investor.salesforce.com/news/default.aspx,https://investor.salesforce.com/news/news-details/2021/IBM-and-MuleSoft-Announce-Global-Relationship-to-Help-Accelerate-Flexibility-Across-Public-and-Private-Clouds/default.aspx,https://investor.salesforce.com/news/news-details/2021/IBM-and-MuleSoft-Announce-Global-Relationship-to-Help-Accelerate-Flexibility-Across-Public-and-Private-Clouds/default.aspx,q4_press_release_feed,IBM and MuleSoft Announce Global Relationship to Help Accelerate Flexibility Across Public and Private Clouds,2021,403,text/html; charset=UTF-8,yes,,IBM and MuleSoft Announce Global Relationship to Help Accelerate Flexibility Across Public and Private Clouds,2021-12-09T08:00:00Z,2021-12-09T08:00:00Z,1044,https://investor.salesforce.com/news/news-details/2021/IBM-and-MuleSoft-Announce-Global-Relationship-to-Help-Accelerate-Flexibility-Across-Public-and-Private-Clouds/default.aspx,https://investor.salesforce.com/feed/PressRelease.svc/GetPressReleaseList?LanguageId=1&bodyType=2&pressReleaseDateFilter=3&categoryId=&pageSize=5&pageNumber=0&tagList=&includeTags=true&year=2021&excludeSelection=1,q4_press_release_feed_published_at
CRM,Salesforce,investor_relations,https://investor.salesforce.com/overview/default.aspx,https://investor.salesforce.com/news/news-details/2021/IBM-and-MuleSoft-Announce-Global-Relationship-to-Help-Accelerate-Flexibility-Across-Public-and-Private-Clouds/default.aspx,https://investor.salesforce.com/news/news-details/2021/IBM-and-MuleSoft-Announce-Global-Relationship-to-Help-Accelerate-Flexibility-Across-Public-and-Private-Clouds/default.aspx,q4_press_release_feed,IBM and MuleSoft Announce Global Relationship to Help Accelerate Flexibility Across Public and Private Clouds,2021,403,text/html; charset=UTF-8,no,duplicate_doc_id,IBM and MuleSoft Announce Global Relationship to Help Accelerate Flexibility Across Public and Private Clouds,2021-12-09T08:00:00Z,2021-12-09T08:00:00Z,1044,https://investor.salesforce.com/news/news-details/2021/IBM-and-MuleSoft-Announce-Global-Relationship-to-Help-Accelerate-Flexibility-Across-Public-and-Private-Clouds/default.aspx,https://investor.salesforce.com/feed/PressRelease.svc/GetPressReleaseList?LanguageId=1&bodyType=2&pressReleaseDateFilter=3&categoryId=&pageSize=5&pageNumber=0&tagList=&includeTags=true&year=2021&excludeSelection=1,q4_press_release_feed_published_at
CRM,Salesforce,investor_relations,https://investor.salesforce.com/overview/default.aspx,https://investor.salesforce.com/news/news-details/2021/Salesforce-and-Vox-Media-Partner-for-Exclusive-Streaming-of-Award-Winning--Pivot-on-Salesforce/default.aspx,https://investor.salesforce.com/news/news-details/2021/Salesforce-and-Vox-Media-Partner-for-Exclusive-Streaming-of-Award-Winning--Pivot-on-Salesforce/default.aspx,q4_press_release_feed,Salesforce and Vox Media Partner for Exclusive Streaming of Award-Winning Pivot on Salesforce+,2021,403,text/html; charset=UTF-8,yes,,Salesforce and Vox Media Partner for Exclusive Streaming of Award-Winning Pivot on Salesforce+,2021-12-08T09:00:00Z,2021-12-08T09:00:00Z,858,https://investor.salesforce.com/news/news-details/2021/Salesforce-and-Vox-Media-Partner-for-Exclusive-Streaming-of-Award-Winning--Pivot-on-Salesforce/default.aspx,https://investor.salesforce.com/feed/PressRelease.svc/GetPressReleaseList?LanguageId=1&bodyType=2&pressReleaseDateFilter=3&categoryId=&pageSize=5&pageNumber=0&tagList=&includeTags=true&year=2021&excludeSelection=1,q4_press_release_feed_published_at
CRM,Salesforce,earnings_results_archive,https://investor.salesforce.com/financials/quarterly-results/default.aspx,https://investor.salesforce.com/news/news-details/2021/IBM-and-MuleSoft-Announce-Global-Relationship-to-Help-Accelerate-Flexibility-Across-Public-and-Private-Clouds/default.aspx,https://investor.salesforce.com/news/news-details/2021/IBM-and-MuleSoft-Announce-Global-Relationship-to-Help-Accelerate-Flexibility-Across-Public-and-Private-Clouds/default.aspx,q4_press_release_feed,IBM and MuleSoft Announce Global Relationship to Help Accelerate Flexibility Across Public and Private Clouds,2021,403,text/html; charset=UTF-8,no,duplicate_doc_id,IBM and MuleSoft Announce Global Relationship to Help Accelerate Flexibility Across Public and Private Clouds,2021-12-09T08:00:00Z,2021-12-09T08:00:00Z,1044,https://investor.salesforce.com/news/news-details/2021/IBM-and-MuleSoft-Announce-Global-Relationship-to-Help-Accelerate-Flexibility-Across-Public-and-Private-Clouds/default.aspx,https://investor.salesforce.com/feed/PressRelease.svc/GetPressReleaseList?LanguageId=1&bodyType=2&pressReleaseDateFilter=3&categoryId=&pageSize=5&pageNumber=0&tagList=&includeTags=true&year=2021&excludeSelection=1,q4_press_release_feed_published_at
CRM,Salesforce,earnings_results_archive,https://investor.salesforce.com/financials/quarterly-results/default.aspx,https://investor.salesforce.com/news/news-details/2021/Salesforce-and-Vox-Media-Partner-for-Exclusive-Streaming-of-Award-Winning--Pivot-on-Salesforce/default.aspx,https://investor.salesforce.com/news/news-details/2021/Salesforce-and-Vox-Media-Partner-for-Exclusive-Streaming-of-Award-Winning--Pivot-on-Salesforce/default.aspx,q4_press_release_feed,Salesforce and Vox Media Partner for Exclusive Streaming of Award-Winning Pivot on Salesforce+,2021,403,text/html; charset=UTF-8,no,duplicate_doc_id,Salesforce and Vox Media Partner for Exclusive Streaming of Award-Winning Pivot on Salesforce+,2021-12-08T09:00:00Z,2021-12-08T09:00:00Z,858,https://investor.salesforce.com/news/news-details/2021/Salesforce-and-Vox-Media-Partner-for-Exclusive-Streaming-of-Award-Winning--Pivot-on-Salesforce/default.aspx,https://investor.salesforce.com/feed/PressRelease.svc/GetPressReleaseList?LanguageId=1&bodyType=2&pressReleaseDateFilter=3&categoryId=&pageSize=5&pageNumber=0&tagList=&includeTags=true&year=2021&excludeSelection=1,q4_press_release_feed_published_at
CRM,Salesforce,earnings_results_archive,https://investor.salesforce.com/financials/quarterly-results/default.aspx,https://investor.salesforce.com/news/news-details/2021/MuleSoft-Unveils-New-Universal-API-Management-Capabilities-to-Manage-and-Secure-Any-API-Anywhere--Creating-Seamless-Experiences-Faster/default.aspx,https://investor.salesforce.com/news/news-details/2021/MuleSoft-Unveils-New-Universal-API-Management-Capabilities-to-Manage-and-Secure-Any-API-Anywhere--Creating-Seamless-Experiences-Faster/default.aspx,q4_press_release_feed,"MuleSoft Unveils New Universal API Management Capabilities to Manage and Secure Any API, Anywhere – Creating Seamless Experiences, Faster",2021,403,text/html; charset=UTF-8,yes,,"MuleSoft Unveils New Universal API Management Capabilities to Manage and Secure Any API, Anywhere – Creating Seamless Experiences, Faster",2021-12-07T00:00:00Z,2021-12-07T00:00:00Z,1068,https://investor.salesforce.com/news/news-details/2021/MuleSoft-Unveils-New-Universal-API-Management-Capabilities-to-Manage-and-Secure-Any-API-Anywhere--Creating-Seamless-Experiences-Faster/default.aspx,https://investor.salesforce.com/feed/PressRelease.svc/GetPressReleaseList?LanguageId=1&bodyType=2&pressReleaseDateFilter=3&categoryId=&pageSize=5&pageNumber=0&tagList=&includeTags=true&year=2021&excludeSelection=1,q4_press_release_feed_published_at
CSCO,Cisco,press_releases_archive,https://investor.cisco.com/news/default.aspx,https://investor.cisco.com/news/news-details/2021/Cisco-Declares-Quarterly-Cash-Dividend-168689747/default.aspx,https://investor.cisco.com/news/news-details/2021/Cisco-Declares-Quarterly-Cash-Dividend-168689747/default.aspx,q4_press_release_feed,Cisco Declares Quarterly Cash Dividend,2021,403,text/html; charset=UTF-8,yes,,Cisco Declares Quarterly Cash Dividend,2021-12-13T08:00:00Z,2021-12-13T08:00:00Z,274,https://investor.cisco.com/news/news-details/2021/Cisco-Declares-Quarterly-Cash-Dividend-168689747/default.aspx,https://investor.cisco.com/feed/PressRelease.svc/GetPressReleaseList?LanguageId=1&bodyType=2&pressReleaseDateFilter=3&categoryId=&pageSize=5&pageNumber=0&tagList=&includeTags=true&year=2021&excludeSelection=1,q4_press_release_feed_published_at
CSCO,Cisco,earnings_results_archive,https://investor.cisco.com/financials/quarterly-results/default.aspx,https://investor.cisco.com/news/news-details/2021/Cisco-Declares-Quarterly-Cash-Dividend-168689747/default.aspx,https://investor.cisco.com/news/news-details/2021/Cisco-Declares-Quarterly-Cash-Dividend-168689747/default.aspx,q4_press_release_feed,Cisco Declares Quarterly Cash Dividend,2021,403,text/html; charset=UTF-8,no,duplicate_doc_id,Cisco Declares Quarterly Cash Dividend,2021-12-13T08:00:00Z,2021-12-13T08:00:00Z,274,https://investor.cisco.com/news/news-details/2021/Cisco-Declares-Quarterly-Cash-Dividend-168689747/default.aspx,https://investor.cisco.com/feed/PressRelease.svc/GetPressReleaseList?LanguageId=1&bodyType=2&pressReleaseDateFilter=3&categoryId=&pageSize=5&pageNumber=0&tagList=&includeTags=true&year=2021&excludeSelection=1,q4_press_release_feed_published_at
CSCO,Cisco,earnings_results_archive,https://investor.cisco.com/financials/quarterly-results/default.aspx,https://investor.cisco.com/news/news-details/2021/Global-Cisco-Study-Identifies-Top-Security-Practices-to-Detect-Threats-and-Ensure-Business-Resiliency/default.aspx,https://investor.cisco.com/news/news-details/2021/Global-Cisco-Study-Identifies-Top-Security-Practices-to-Detect-Threats-and-Ensure-Business-Resiliency/default.aspx,q4_press_release_feed,Global Cisco Study Identifies Top Security Practices to Detect Threats and Ensure Business Resiliency,2021,403,text/html; charset=UTF-8,yes,,Global Cisco Study Identifies Top Security Practices to Detect Threats and Ensure Business Resiliency,2021-12-07T08:00:00Z,2021-12-07T08:00:00Z,730,https://investor.cisco.com/news/news-details/2021/Global-Cisco-Study-Identifies-Top-Security-Practices-to-Detect-Threats-and-Ensure-Business-Resiliency/default.aspx,https://investor.cisco.com/feed/PressRelease.svc/GetPressReleaseList?LanguageId=1&bodyType=2&pressReleaseDateFilter=3&categoryId=&pageSize=5&pageNumber=0&tagList=&includeTags=true&year=2021&excludeSelection=1,q4_press_release_feed_published_at
JNJ,Johnson & Johnson,earnings_results_archive,https://investor.jnj.com/financials/quarterly-results,https://investor.jnj.com/investor-news/news-details/2021/Johnson--Johnson-COVID-19-Vaccine-Demonstrates-85-Percent-Effectiveness-against-Hospitalization-in-South-Africa-when-Omicron-was-Dominant/default.aspx,https://investor.jnj.com/investor-news/news-details/2021/Johnson--Johnson-COVID-19-Vaccine-Demonstrates-85-Percent-Effectiveness-against-Hospitalization-in-South-Africa-when-Omicron-was-Dominant/default.aspx,q4_press_release_feed,Johnson & Johnson COVID-19 Vaccine Demonstrates 85 Percent Effectiveness against Hospitalization in South Africa when Omicron was Dominant,2021,403,text/html; charset=UTF-8,no,http_status_403,,,,0,https://investor.jnj.com/investor-news/news-details/2021/Johnson--Johnson-COVID-19-Vaccine-Demonstrates-85-Percent-Effectiveness-against-Hospitalization-in-South-Africa-when-Omicron-was-Dominant/default.aspx,https://investor.jnj.com/feed/PressRelease.svc/GetPressReleaseList?LanguageId=1&bodyType=2&pressReleaseDateFilter=3&categoryId=&pageSize=5&pageNumber=0&tagList=&includeTags=true&year=2021&excludeSelection=1,
JNJ,Johnson & Johnson,earnings_results_archive,https://investor.jnj.com/financials/quarterly-results,https://investor.jnj.com/investor-news/news-details/2021/Janssen-Submits-Biologics-License-Application-to-U.S.-FDA-Seeking-Approval-of-Teclistamab-for-the-Treatment-of-Patients-with-Relapsed-or-Refractory-Multiple-Myeloma/default.aspx,https://investor.jnj.com/investor-news/news-details/2021/Janssen-Submits-Biologics-License-Application-to-U.S.-FDA-Seeking-Approval-of-Teclistamab-for-the-Treatment-of-Patients-with-Relapsed-or-Refractory-Multiple-Myeloma/default.aspx,q4_press_release_feed,Janssen Submits Biologics License Application to U.S. FDA Seeking Approval of Teclistamab for the Treatment of Patients with Relapsed or Refractory Multiple Myeloma,2021,403,text/html; charset=UTF-8,no,http_status_403,,,,0,https://investor.jnj.com/investor-news/news-details/2021/Janssen-Submits-Biologics-License-Application-to-U.S.-FDA-Seeking-Approval-of-Teclistamab-for-the-Treatment-of-Patients-with-Relapsed-or-Refractory-Multiple-Myeloma/default.aspx,https://investor.jnj.com/feed/PressRelease.svc/GetPressReleaseList?LanguageId=1&bodyType=2&pressReleaseDateFilter=3&categoryId=&pageSize=5&pageNumber=0&tagList=&includeTags=true&year=2021&excludeSelection=1,
JNJ,Johnson & Johnson,earnings_results_archive,https://investor.jnj.com/financials/quarterly-results,https://investor.jnj.com/investor-news/news-details/2021/FDA-Approves-Two-New-Indications-for-XARELTO-rivaroxaban-to-Help-Prevent-and-Treat-Blood-Clots-in-Pediatric-Patients/default.aspx,https://investor.jnj.com/investor-news/news-details/2021/FDA-Approves-Two-New-Indications-for-XARELTO-rivaroxaban-to-Help-Prevent-and-Treat-Blood-Clots-in-Pediatric-Patients/default.aspx,q4_press_release_feed,FDA Approves Two New Indications for XARELTO® (rivaroxaban) to Help Prevent and Treat Blood Clots in Pediatric Patients,2021,403,text/html; charset=UTF-8,no,http_status_403,,,,0,https://investor.jnj.com/investor-news/news-details/2021/FDA-Approves-Two-New-Indications-for-XARELTO-rivaroxaban-to-Help-Prevent-and-Treat-Blood-Clots-in-Pediatric-Patients/default.aspx,https://investor.jnj.com/feed/PressRelease.svc/GetPressReleaseList?LanguageId=1&bodyType=2&pressReleaseDateFilter=3&categoryId=&pageSize=5&pageNumber=0&tagList=&includeTags=true&year=2021&excludeSelection=1,
JNJ,Johnson & Johnson,earnings_results_archive,https://investor.jnj.com/financials/quarterly-results,https://investor.jnj.com/investor-news/news-details/2021/Johnson--Johnson-to-Participate-in-the-40th-Annual-J.P.-Morgan-Healthcare-Conference/default.aspx,https://investor.jnj.com/investor-news/news-details/2021/Johnson--Johnson-to-Participate-in-the-40th-Annual-J.P.-Morgan-Healthcare-Conference/default.aspx,q4_press_release_feed,Johnson & Johnson to Participate in the 40th Annual J.P. Morgan Healthcare Conference,2021,403,text/html; charset=UTF-8,no,http_status_403,,,,0,https://investor.jnj.com/investor-news/news-details/2021/Johnson--Johnson-to-Participate-in-the-40th-Annual-J.P.-Morgan-Healthcare-Conference/default.aspx,https://investor.jnj.com/feed/PressRelease.svc/GetPressReleaseList?LanguageId=1&bodyType=2&pressReleaseDateFilter=3&categoryId=&pageSize=5&pageNumber=0&tagList=&includeTags=true&year=2021&excludeSelection=1,
JNJ,Johnson & Johnson,earnings_results_archive,https://investor.jnj.com/financials/quarterly-results,https://investor.jnj.com/investor-news/news-details/2021/Johnson--Johnson-Announces-Positive-CHMP-Opinion-for-a-Booster-Shot-of-its-COVID-19-Vaccine/default.aspx,https://investor.jnj.com/investor-news/news-details/2021/Johnson--Johnson-Announces-Positive-CHMP-Opinion-for-a-Booster-Shot-of-its-COVID-19-Vaccine/default.aspx,q4_press_release_feed,Johnson & Johnson Announces Positive CHMP Opinion for a Booster Shot of its COVID-19 Vaccine,2021,403,text/html; charset=UTF-8,no,http_status_403,,,,0,https://investor.jnj.com/investor-news/news-details/2021/Johnson--Johnson-Announces-Positive-CHMP-Opinion-for-a-Booster-Shot-of-its-COVID-19-Vaccine/default.aspx,https://investor.jnj.com/feed/PressRelease.svc/GetPressReleaseList?LanguageId=1&bodyType=2&pressReleaseDateFilter=3&categoryId=&pageSize=5&pageNumber=0&tagList=&includeTags=true&year=2021&excludeSelection=1,
NKE,Nike,press_releases_archive,https://investors.nike.com/investors/news-events-and-reports/investor-news/default.aspx,https://investors.nike.com/investors/news-events-and-reports/investor-news/investor-news-details/2021/NIKE-Inc.-Reports-Fiscal-2022-Second-Quarter-Results/default.aspx,https://investors.nike.com/investors/news-events-and-reports/investor-news/investor-news-details/2021/NIKE-Inc.-Reports-Fiscal-2022-Second-Quarter-Results/default.aspx,q4_press_release_feed,"NIKE, Inc. Reports Fiscal 2022 Second Quarter Results",2021,403,text/html; charset=UTF-8,yes,,"NIKE, Inc. Reports Fiscal 2022 Second Quarter Results",2021-12-20T16:15:00Z,2021-12-20T16:15:00Z,2527,https://investors.nike.com/investors/news-events-and-reports/investor-news/investor-news-details/2021/NIKE-Inc.-Reports-Fiscal-2022-Second-Quarter-Results/default.aspx,https://investors.nike.com/feed/PressRelease.svc/GetPressReleaseList?LanguageId=1&bodyType=2&pressReleaseDateFilter=3&categoryId=&pageSize=5&pageNumber=0&tagList=&includeTags=true&year=2021&excludeSelection=1,q4_press_release_feed_published_at
NKE,Nike,earnings_results_archive,https://investors.nike.com/investors/news-events-and-reports/quarterly-earnings/default.aspx,https://investors.nike.com/investors/news-events-and-reports/investor-news/investor-news-details/2021/NIKE-Inc.-Reports-Fiscal-2022-Second-Quarter-Results/default.aspx,https://investors.nike.com/investors/news-events-and-reports/investor-news/investor-news-details/2021/NIKE-Inc.-Reports-Fiscal-2022-Second-Quarter-Results/default.aspx,q4_press_release_feed,"NIKE, Inc. Reports Fiscal 2022 Second Quarter Results",2021,403,text/html; charset=UTF-8,no,duplicate_doc_id,"NIKE, Inc. Reports Fiscal 2022 Second Quarter Results",2021-12-20T16:15:00Z,2021-12-20T16:15:00Z,2527,https://investors.nike.com/investors/news-events-and-reports/investor-news/investor-news-details/2021/NIKE-Inc.-Reports-Fiscal-2022-Second-Quarter-Results/default.aspx,https://investors.nike.com/feed/PressRelease.svc/GetPressReleaseList?LanguageId=1&bodyType=2&pressReleaseDateFilter=3&categoryId=&pageSize=5&pageNumber=0&tagList=&includeTags=true&year=2021&excludeSelection=1,q4_press_release_feed_published_at
NKE,Nike,earnings_results_archive,https://investors.nike.com/investors/news-events-and-reports/quarterly-earnings/default.aspx,https://investors.nike.com/investors/news-events-and-reports/investor-news/investor-news-details/2021/NIKE-Inc.-Announces-11-Percent-Increase-in-Quarterly-Dividend/default.aspx,https://investors.nike.com/investors/news-events-and-reports/investor-news/investor-news-details/2021/NIKE-Inc.-Announces-11-Percent-Increase-in-Quarterly-Dividend/default.aspx,q4_press_release_feed,"NIKE, Inc. Announces 11 Percent Increase in Quarterly Dividend",2021,403,text/html; charset=UTF-8,yes,,"NIKE, Inc. Announces 11 Percent Increase in Quarterly Dividend",2021-11-18T16:15:00Z,2021-11-18T16:15:00Z,303,https://investors.nike.com/investors/news-events-and-reports/investor-news/investor-news-details/2021/NIKE-Inc.-Announces-11-Percent-Increase-in-Quarterly-Dividend/default.aspx,https://investors.nike.com/feed/PressRelease.svc/GetPressReleaseList?LanguageId=1&bodyType=2&pressReleaseDateFilter=3&categoryId=&pageSize=5&pageNumber=0&tagList=&includeTags=true&year=2021&excludeSelection=1,q4_press_release_feed_published_at
TRV,Travelers,press_releases_archive,https://investor.travelers.com/newsroom/press-releases/default.aspx,https://investor.travelers.com/newsroom/press-releases/news-details/2021/The-Travelers-Indemnity-Company-q4/default.aspx,https://investor.travelers.com/newsroom/press-releases/news-details/2021/The-Travelers-Indemnity-Company-q4/default.aspx,q4_press_release_feed,The Travelers Indemnity Company,2021,200,text/html; charset=utf-8,no,body_too_short,The Travelers Indemnity Company,2021-12-31T00:00:00Z,2021-12-31T00:00:00Z,1,https://investor.travelers.com/newsroom/press-releases/news-details/2021/The-Travelers-Indemnity-Company-q4/default.aspx,https://investor.travelers.com/feed/PressRelease.svc/GetPressReleaseList?LanguageId=1&bodyType=2&pressReleaseDateFilter=3&categoryId=&pageSize=5&pageNumber=0&tagList=&includeTags=true&year=2021&excludeSelection=1,q4_press_release_feed_published_at
TRV,Travelers,press_releases_archive,https://investor.travelers.com/newsroom/press-releases/default.aspx,https://investor.travelers.com/newsroom/press-releases/news-details/2021/-United-States-Fidelity-and-Guaranty-Company/default.aspx,https://investor.travelers.com/newsroom/press-releases/news-details/2021/-United-States-Fidelity-and-Guaranty-Company/default.aspx,q4_press_release_feed,United States Fidelity and Guaranty Company,2021,200,text/html; charset=utf-8,no,body_too_short,United States Fidelity and Guaranty Company,2021-12-31T00:00:00Z,2021-12-31T00:00:00Z,1,https://investor.travelers.com/newsroom/press-releases/news-details/2021/-United-States-Fidelity-and-Guaranty-Company/default.aspx,https://investor.travelers.com/feed/PressRelease.svc/GetPressReleaseList?LanguageId=1&bodyType=2&pressReleaseDateFilter=3&categoryId=&pageSize=5&pageNumber=0&tagList=&includeTags=true&year=2021&excludeSelection=1,q4_press_release_feed_published_at
TRV,Travelers,press_releases_archive,https://investor.travelers.com/newsroom/press-releases/default.aspx,https://investor.travelers.com/newsroom/press-releases/news-details/2021/--United-States-Fidelity-and-Guaranty-Company/default.aspx,https://investor.travelers.com/newsroom/press-releases/news-details/2021/--United-States-Fidelity-and-Guaranty-Company/default.aspx,q4_press_release_feed,United States Fidelity and Guaranty Company,2021,200,text/html; charset=utf-8,no,body_too_short,United States Fidelity and Guaranty Company,2021-12-31T00:00:00Z,2021-12-31T00:00:00Z,1,https://investor.travelers.com/newsroom/press-releases/news-details/2021/--United-States-Fidelity-and-Guaranty-Company/default.aspx,https://investor.travelers.com/feed/PressRelease.svc/GetPressReleaseList?LanguageId=1&bodyType=2&pressReleaseDateFilter=3&categoryId=&pageSize=5&pageNumber=0&tagList=&includeTags=true&year=2021&excludeSelection=1,q4_press_release_feed_published_at
TRV,Travelers,press_releases_archive,https://investor.travelers.com/newsroom/press-releases/default.aspx,https://investor.travelers.com/newsroom/press-releases/news-details/2021/-Travelers-Casualty-And-Surety-Company-Of-America-/default.aspx,https://investor.travelers.com/newsroom/press-releases/news-details/2021/-Travelers-Casualty-And-Surety-Company-Of-America-/default.aspx,q4_press_release_feed,Travelers Casualty And Surety Company Of America,2021,200,text/html; charset=utf-8,no,body_too_short,Travelers Casualty And Surety Company Of America,2021-12-31T00:00:00Z,2021-12-31T00:00:00Z,1,https://investor.travelers.com/newsroom/press-releases/news-details/2021/-Travelers-Casualty-And-Surety-Company-Of-America-/default.aspx,https://investor.travelers.com/feed/PressRelease.svc/GetPressReleaseList?LanguageId=1&bodyType=2&pressReleaseDateFilter=3&categoryId=&pageSize=5&pageNumber=0&tagList=&includeTags=true&year=2021&excludeSelection=1,q4_press_release_feed_published_at
TRV,Travelers,press_releases_archive,https://investor.travelers.com/newsroom/press-releases/default.aspx,https://investor.travelers.com/newsroom/press-releases/news-details/2021/Travelers-Casualty-and-Surety-Company-of-America-21/default.aspx,https://investor.travelers.com/newsroom/press-releases/news-details/2021/Travelers-Casualty-and-Surety-Company-of-America-21/default.aspx,q4_press_release_feed,Travelers Casualty and Surety Company of America,2021,200,text/html; charset=utf-8,no,missing_published_at,Travelers Investor Relations | Travelers Casualty and Surety Company of America,,,10,https://investor.travelers.com/newsroom/press-releases/news-details/2021/Travelers-Casualty-and-Surety-Company-of-America-21/default.aspx,https://investor.travelers.com/feed/PressRelease.svc/GetPressReleaseList?LanguageId=1&bodyType=2&pressReleaseDateFilter=3&categoryId=&pageSize=5&pageNumber=0&tagList=&includeTags=true&year=2021&excludeSelection=1,missing
TRV,Travelers,company_news_archive,https://investor.travelers.com/newsroom/newsroom-overview/default.aspx,https://investor.travelers.com/newsroom/press-releases/news-details/2021/The-Travelers-Indemnity-Company-q4/default.aspx,https://investor.travelers.com/newsroom/press-releases/news-details/2021/The-Travelers-Indemnity-Company-q4/default.aspx,q4_press_release_feed,The Travelers Indemnity Company,2021,200,text/html; charset=utf-8,no,body_too_short,The Travelers Indemnity Company,2021-12-31T00:00:00Z,2021-12-31T00:00:00Z,1,https://investor.travelers.com/newsroom/press-releases/news-details/2021/The-Travelers-Indemnity-Company-q4/default.aspx,https://investor.travelers.com/feed/PressRelease.svc/GetPressReleaseList?LanguageId=1&bodyType=2&pressReleaseDateFilter=3&categoryId=&pageSize=5&pageNumber=0&tagList=&includeTags=true&year=2021&excludeSelection=1,q4_press_release_feed_published_at
TRV,Travelers,company_news_archive,https://investor.travelers.com/newsroom/newsroom-overview/default.aspx,https://investor.travelers.com/newsroom/press-releases/news-details/2021/-United-States-Fidelity-and-Guaranty-Company/default.aspx,https://investor.travelers.com/newsroom/press-releases/news-details/2021/-United-States-Fidelity-and-Guaranty-Company/default.aspx,q4_press_release_feed,United States Fidelity and Guaranty Company,2021,200,text/html; charset=utf-8,no,body_too_short,United States Fidelity and Guaranty Company,2021-12-31T00:00:00Z,2021-12-31T00:00:00Z,1,https://investor.travelers.com/newsroom/press-releases/news-details/2021/-United-States-Fidelity-and-Guaranty-Company/default.aspx,https://investor.travelers.com/feed/PressRelease.svc/GetPressReleaseList?LanguageId=1&bodyType=2&pressReleaseDateFilter=3&categoryId=&pageSize=5&pageNumber=0&tagList=&includeTags=true&year=2021&excludeSelection=1,q4_press_release_feed_published_at
TRV,Travelers,company_news_archive,https://investor.travelers.com/newsroom/newsroom-overview/default.aspx,https://investor.travelers.com/newsroom/press-releases/news-details/2021/--United-States-Fidelity-and-Guaranty-Company/default.aspx,https://investor.travelers.com/newsroom/press-releases/news-details/2021/--United-States-Fidelity-and-Guaranty-Company/default.aspx,q4_press_release_feed,United States Fidelity and Guaranty Company,2021,200,text/html; charset=utf-8,no,body_too_short,United States Fidelity and Guaranty Company,2021-12-31T00:00:00Z,2021-12-31T00:00:00Z,1,https://investor.travelers.com/newsroom/press-releases/news-details/2021/--United-States-Fidelity-and-Guaranty-Company/default.aspx,https://investor.travelers.com/feed/PressRelease.svc/GetPressReleaseList?LanguageId=1&bodyType=2&pressReleaseDateFilter=3&categoryId=&pageSize=5&pageNumber=0&tagList=&includeTags=true&year=2021&excludeSelection=1,q4_press_release_feed_published_at
TRV,Travelers,company_news_archive,https://investor.travelers.com/newsroom/newsroom-overview/default.aspx,https://investor.travelers.com/newsroom/press-releases/news-details/2021/-Travelers-Casualty-And-Surety-Company-Of-America-/default.aspx,https://investor.travelers.com/newsroom/press-releases/news-details/2021/-Travelers-Casualty-And-Surety-Company-Of-America-/default.aspx,q4_press_release_feed,Travelers Casualty And Surety Company Of America,2021,200,text/html; charset=utf-8,no,body_too_short,Travelers Casualty And Surety Company Of America,2021-12-31T00:00:00Z,2021-12-31T00:00:00Z,1,https://investor.travelers.com/newsroom/press-releases/news-details/2021/-Travelers-Casualty-And-Surety-Company-Of-America-/default.aspx,https://investor.travelers.com/feed/PressRelease.svc/GetPressReleaseList?LanguageId=1&bodyType=2&pressReleaseDateFilter=3&categoryId=&pageSize=5&pageNumber=0&tagList=&includeTags=true&year=2021&excludeSelection=1,q4_press_release_feed_published_at
TRV,Travelers,company_news_archive,https://investor.travelers.com/newsroom/newsroom-overview/default.aspx,https://investor.travelers.com/newsroom/press-releases/news-details/2021/Travelers-Casualty-and-Surety-Company-of-America-21/default.aspx,https://investor.travelers.com/newsroom/press-releases/news-details/2021/Travelers-Casualty-and-Surety-Company-of-America-21/default.aspx,q4_press_release_feed,Travelers Casualty and Surety Company of America,2021,200,text/html; charset=utf-8,no,missing_published_at,Travelers Investor Relations | Travelers Casualty and Surety Company of America,,,10,https://investor.travelers.com/newsroom/press-releases/news-details/2021/Travelers-Casualty-and-Surety-Company-of-America-21/default.aspx,https://investor.travelers.com/feed/PressRelease.svc/GetPressReleaseList?LanguageId=1&bodyType=2&pressReleaseDateFilter=3&categoryId=&pageSize=5&pageNumber=0&tagList=&includeTags=true&year=2021&excludeSelection=1,missing
TRV,Travelers,earnings_results_archive,https://investor.travelers.com/financial-information/quarterly-results/default.aspx,https://investor.travelers.com/newsroom/press-releases/news-details/2021/The-Travelers-Indemnity-Company-q4/default.aspx,https://investor.travelers.com/newsroom/press-releases/news-details/2021/The-Travelers-Indemnity-Company-q4/default.aspx,q4_press_release_feed,The Travelers Indemnity Company,2021,200,text/html; charset=utf-8,no,body_too_short,The Travelers Indemnity Company,2021-12-31T00:00:00Z,2021-12-31T00:00:00Z,1,https://investor.travelers.com/newsroom/press-releases/news-details/2021/The-Travelers-Indemnity-Company-q4/default.aspx,https://investor.travelers.com/feed/PressRelease.svc/GetPressReleaseList?LanguageId=1&bodyType=2&pressReleaseDateFilter=3&categoryId=&pageSize=5&pageNumber=0&tagList=&includeTags=true&year=2021&excludeSelection=1,q4_press_release_feed_published_at
TRV,Travelers,earnings_results_archive,https://investor.travelers.com/financial-information/quarterly-results/default.aspx,https://investor.travelers.com/newsroom/press-releases/news-details/2021/-United-States-Fidelity-and-Guaranty-Company/default.aspx,https://investor.travelers.com/newsroom/press-releases/news-details/2021/-United-States-Fidelity-and-Guaranty-Company/default.aspx,q4_press_release_feed,United States Fidelity and Guaranty Company,2021,200,text/html; charset=utf-8,no,body_too_short,United States Fidelity and Guaranty Company,2021-12-31T00:00:00Z,2021-12-31T00:00:00Z,1,https://investor.travelers.com/newsroom/press-releases/news-details/2021/-United-States-Fidelity-and-Guaranty-Company/default.aspx,https://investor.travelers.com/feed/PressRelease.svc/GetPressReleaseList?LanguageId=1&bodyType=2&pressReleaseDateFilter=3&categoryId=&pageSize=5&pageNumber=0&tagList=&includeTags=true&year=2021&excludeSelection=1,q4_press_release_feed_published_at
TRV,Travelers,earnings_results_archive,https://investor.travelers.com/financial-information/quarterly-results/default.aspx,https://investor.travelers.com/newsroom/press-releases/news-details/2021/--United-States-Fidelity-and-Guaranty-Company/default.aspx,https://investor.travelers.com/newsroom/press-releases/news-details/2021/--United-States-Fidelity-and-Guaranty-Company/default.aspx,q4_press_release_feed,United States Fidelity and Guaranty Company,2021,200,text/html; charset=utf-8,no,body_too_short,United States Fidelity and Guaranty Company,2021-12-31T00:00:00Z,2021-12-31T00:00:00Z,1,https://investor.travelers.com/newsroom/press-releases/news-details/2021/--United-States-Fidelity-and-Guaranty-Company/default.aspx,https://investor.travelers.com/feed/PressRelease.svc/GetPressReleaseList?LanguageId=1&bodyType=2&pressReleaseDateFilter=3&categoryId=&pageSize=5&pageNumber=0&tagList=&includeTags=true&year=2021&excludeSelection=1,q4_press_release_feed_published_at
TRV,Travelers,earnings_results_archive,https://investor.travelers.com/financial-information/quarterly-results/default.aspx,https://investor.travelers.com/newsroom/press-releases/news-details/2021/-Travelers-Casualty-And-Surety-Company-Of-America-/default.aspx,https://investor.travelers.com/newsroom/press-releases/news-details/2021/-Travelers-Casualty-And-Surety-Company-Of-America-/default.aspx,q4_press_release_feed,Travelers Casualty And Surety Company Of America,2021,200,text/html; charset=utf-8,no,body_too_short,Travelers Casualty And Surety Company Of America,2021-12-31T00:00:00Z,2021-12-31T00:00:00Z,1,https://investor.travelers.com/newsroom/press-releases/news-details/2021/-Travelers-Casualty-And-Surety-Company-Of-America-/default.aspx,https://investor.travelers.com/feed/PressRelease.svc/GetPressReleaseList?LanguageId=1&bodyType=2&pressReleaseDateFilter=3&categoryId=&pageSize=5&pageNumber=0&tagList=&includeTags=true&year=2021&excludeSelection=1,q4_press_release_feed_published_at
TRV,Travelers,earnings_results_archive,https://investor.travelers.com/financial-information/quarterly-results/default.aspx,https://investor.travelers.com/newsroom/press-releases/news-details/2021/Travelers-Casualty-and-Surety-Company-of-America-21/default.aspx,https://investor.travelers.com/newsroom/press-releases/news-details/2021/Travelers-Casualty-and-Surety-Company-of-America-21/default.aspx,q4_press_release_feed,Travelers Casualty and Surety Company of America,2021,200,text/html; charset=utf-8,no,missing_published_at,Travelers Investor Relations | Travelers Casualty and Surety Company of America,,,10,https://investor.travelers.com/newsroom/press-releases/news-details/2021/Travelers-Casualty-and-Surety-Company-of-America-21/default.aspx,https://investor.travelers.com/feed/PressRelease.svc/GetPressReleaseList?LanguageId=1&bodyType=2&pressReleaseDateFilter=3&categoryId=&pageSize=5&pageNumber=0&tagList=&includeTags=true&year=2021&excludeSelection=1,missing
V,Visa,earnings_results_archive,https://investor.visa.com/financial-information/quarterly-earnings/default.aspx,https://investor.visa.com/news/news-details/2021/Visa-Expands-Global-Investment-in-Womens-Football-as-First-Ever-FIFA-Womens-Football-Partner/default.aspx,https://investor.visa.com/news/news-details/2021/Visa-Expands-Global-Investment-in-Womens-Football-as-First-Ever-FIFA-Womens-Football-Partner/default.aspx,q4_press_release_feed,Visa Expands Global Investment in Women’s Football as First Ever FIFA Women’s Football Partner,2021,403,text/html; charset=UTF-8,yes,,Visa Expands Global Investment in Women’s Football as First Ever FIFA Women’s Football Partner,2021-12-21T06:00:00Z,2021-12-21T06:00:00Z,939,https://investor.visa.com/news/news-details/2021/Visa-Expands-Global-Investment-in-Womens-Football-as-First-Ever-FIFA-Womens-Football-Partner/default.aspx,https://investor.visa.com/feed/PressRelease.svc/GetPressReleaseList?LanguageId=1&bodyType=2&pressReleaseDateFilter=3&categoryId=&pageSize=5&pageNumber=0&tagList=&includeTags=true&year=2021&excludeSelection=1,q4_press_release_feed_published_at
