ticker,company,source_type,url,coverage_note,has_dates,has_full_text,needs_js,notes,canonical_url,is_new_vs_previous_review,http_status,final_url,content_type,title_hint,fetch_error,vendor_profile,vendor_recommendation,q4_year_endpoint_status,q4_years_2010_2023,q4_has_train,q4_has_oos,q4_error,likely_value
AAPL,Apple Inc.,company_news_archive,https://www.apple.com/newsroom/archive/,Apple official newsroom archive with dated items and full text. Best for product and corporate news and especially useful from the mid-2010s onward.,yes,yes,no,Official company newsroom archive,https://www.apple.com/newsroom/archive/,no,200,https://www.apple.com/newsroom/archive/,text/html;charset=utf-8,All Topics Archive - Apple,,static_html_or_custom,Use generic archive discovery first; add source adapter only if coverage is poor.,,,no,no,,high_static_or_wp_candidate
AAPL,Apple Inc.,investor_relations_hub,https://investor.apple.com/,Official IR hub linking to quarterly results annual reports and filings. Strong support for 2021-2023 and useful for older financial backfill.,yes,yes,no,Official Apple investor relations hub,https://investor.apple.com/,yes,200,https://investor.apple.com/investor-relations/default.aspx,text/html; charset=utf-8,Investor Relations - Apple,,q4_or_q4_like,Discover Q4 module/API parameters or use browser network capture to identify JSON endpoints.,200,,no,no,,medium_vendor_or_browser
AAPL,Apple Inc.,sec_filings_archive,https://investor.apple.com/sec-filings/default.aspx,Official SEC filings archive for older train coverage when newsroom depth is not enough.,yes,yes,no,Good backup source for strict financial-history needs,https://investor.apple.com/sec-filings/default.aspx,yes,403,https://investor.apple.com/sec-filings/default.aspx,text/html; charset=UTF-8,Just a moment...,,cloudflare_challenge,Prefer alternate official endpoint; otherwise use manual/browser pass without attempting bypass.,200,,no,no,,medium_duplicate_sec
AMGN,Amgen Inc.,earnings_results_archive,https://investors.amgen.com/financials/quarterly-earnings/,Official quarterly earnings hub with dated releases presentations and filings.,yes,yes,no,Good fit for earnings-event extraction,https://investors.amgen.com/financials/quarterly-earnings/,no,,,,,"ReadTimeout: HTTPSConnectionPool(host='investors.amgen.com', port=443): Read timed out. (read timeout=8)",fetch_problem,Recheck with requests/certifi/curl fallback and replace if still blocked.,,,no,no,,low_recheck
AMGN,Amgen Inc.,investor_presentations_archive,https://investors.amgen.com/news-and-events/presentations/,Official presentations archive with dated decks including earnings presentations.,yes,yes,no,Useful for slide decks and conference materials,https://investors.amgen.com/news-and-events/presentations/,no,,,,,"ReadTimeout: HTTPSConnectionPool(host='investors.amgen.com', port=443): Read timed out. (read timeout=8)",fetch_problem,Recheck with requests/certifi/curl fallback and replace if still blocked.,,,no,no,,low_recheck
AMGN,Amgen Inc.,ir_press_releases_archive,https://investors.amgen.com/news-and-events/press-releases/,Official IR press release archive with dated release pages and full text.,yes,yes,no,Official IR page,https://investors.amgen.com/news-and-events/press-releases/,no,,,,,"ReadTimeout: HTTPSConnectionPool(host='investors.amgen.com', port=443): Read timed out. (read timeout=8)",fetch_problem,Recheck with requests/certifi/curl fallback and replace if still blocked.,,,no,no,,low_recheck
AMZN,Amazon.com Inc.,annual_reports_archive,https://ir.aboutamazon.com/annual-reports-proxies-and-shareholder-letters/default.aspx,Official annual reports proxy statements and shareholder letters archive. Useful backup for older train years.,yes,yes,yes,Official IR provider page and JS-driven list,https://ir.aboutamazon.com/annual-reports-proxies-and-shareholder-letters/default.aspx,no,403,https://ir.aboutamazon.com/annual-reports-proxies-and-shareholder-letters/default.aspx,text/html; charset=UTF-8,Just a moment...,,cloudflare_challenge,Prefer alternate official endpoint; otherwise use manual/browser pass without attempting bypass.,200,2023|2022|2021|2020|2019|2018|2017|2016|2015,yes,yes,,low_blocked_unless_feed
AMZN,Amazon.com Inc.,earnings_results_archive,https://ir.aboutamazon.com/quarterly-results/default.aspx,Official quarterly results hub with dated earnings materials and historical quarters.,yes,yes,yes,Official IR provider page and JS-driven list,https://ir.aboutamazon.com/quarterly-results/default.aspx,no,403,https://ir.aboutamazon.com/quarterly-results/default.aspx,text/html; charset=UTF-8,Just a moment...,,cloudflare_challenge,Prefer alternate official endpoint; otherwise use manual/browser pass without attempting bypass.,200,2023|2022|2021|2020|2019|2018|2017|2016|2015,yes,yes,,low_blocked_unless_feed
AMZN,Amazon.com Inc.,ir_press_releases_archive,https://ir.aboutamazon.com/news-release/default.aspx,Official Amazon IR press release archive with dated release detail pages. Useful for corporate and financial event history.,yes,yes,yes,Official IR provider page and JS-driven list,https://ir.aboutamazon.com/news-release/default.aspx,no,403,https://ir.aboutamazon.com/news-release/default.aspx,text/html; charset=UTF-8,Just a moment...,,cloudflare_challenge,Prefer alternate official endpoint; otherwise use manual/browser pass without attempting bypass.,200,2023|2022|2021|2020|2019|2018|2017|2016|2015,yes,yes,,low_blocked_unless_feed
AXP,American Express Company,financial_reports_archive,https://ir.americanexpress.com/investor-relations/financial-documents-and-reports/default.aspx,Official financial documents hub for quarterly and annual materials.,yes,yes,yes,Good for earnings releases and annual documents,https://ir.americanexpress.com/investor-relations/financial-documents-and-reports/default.aspx,yes,404,https://ir.americanexpress.com/investor-relations/financial-documents-and-reports/default.aspx,text/html; charset=utf-8,Page Not Found,,q4_or_q4_like,Discover Q4 module/API parameters or use browser network capture to identify JSON endpoints.,200,2023|2022|2021|2020|2019|2018,yes,yes,,high_q4_feed
AXP,American Express Company,investor_presentations_archive,https://ir.americanexpress.com/news-events/events-and-presentations/default.aspx,Official events and presentations archive with dated decks webcasts and transcripts.,yes,yes,yes,Useful for investor event materials,https://ir.americanexpress.com/news-events/events-and-presentations/default.aspx,yes,404,https://ir.americanexpress.com/news-events/events-and-presentations/default.aspx,text/html; charset=utf-8,Page Not Found,,q4_or_q4_like,Discover Q4 module/API parameters or use browser network capture to identify JSON endpoints.,200,2023|2022|2021|2020|2019|2018,yes,yes,,high_q4_feed
AXP,American Express Company,ir_press_releases_archive,https://ir.americanexpress.com/news-events/press-releases/default.aspx,Official IR news archive with dated release pages and full text.,yes,yes,yes,Official IR provider page,https://ir.americanexpress.com/news-events/press-releases/default.aspx,yes,404,https://ir.americanexpress.com/news-events/press-releases/default.aspx,text/html; charset=utf-8,Page Not Found,,q4_or_q4_like,Discover Q4 module/API parameters or use browser network capture to identify JSON endpoints.,200,2023|2022|2021|2020|2019|2018,yes,yes,,high_q4_feed
BA,The Boeing Company,financial_reports_archive,https://investors.boeing.com/investors/reports/,Official reports hub linking quarterly reports annual reports and SEC filings.,yes,yes,no,Useful backup for older financial periods,https://investors.boeing.com/investors/reports/,no,200,https://investors.boeing.com/investors/reports/,text/html; charset=utf-8,Boeing Company - Investors - Reports,,q4_or_q4_like,Discover Q4 module/API parameters or use browser network capture to identify JSON endpoints.,200,2023|2022|2021|2020|2019|2018|2017|2016|2015|2014|2013|2012|2011,yes,yes,,high_q4_feed
BA,The Boeing Company,investor_presentations_archive,https://investors.boeing.com/investors/events-presentations/,Official events and presentations archive with dated earnings calls and presentations.,yes,yes,no,Good for event-driven datasets,https://investors.boeing.com/investors/events-presentations/,no,200,https://investors.boeing.com/investors/events-presentations/,text/html; charset=utf-8,Boeing Company - Investors - Events & Presentations,,q4_or_q4_like,Discover Q4 module/API parameters or use browser network capture to identify JSON endpoints.,200,2023|2022|2021|2020|2019|2018|2017|2016|2015|2014|2013|2012|2011,yes,yes,,high_q4_feed
BA,The Boeing Company,ir_press_releases_archive,https://investors.boeing.com/investors/news/default.aspx,Official Boeing IR news archive with dated release detail pages and full text.,yes,yes,no,Official company IR page,https://investors.boeing.com/investors/news/default.aspx,no,200,https://investors.boeing.com/investors/news/default.aspx,text/html; charset=utf-8,Boeing Company - Investors - News,,q4_or_q4_like,Discover Q4 module/API parameters or use browser network capture to identify JSON endpoints.,200,2023|2022|2021|2020|2019|2018|2017|2016|2015|2014|2013|2012|2011,yes,yes,,high_q4_feed
CAT,Caterpillar Inc.,earnings_results_archive,https://investors.caterpillar.com/financials/quarterly-results/default.aspx,Official quarterly results archive with dated releases and presentations.,yes,yes,no,Strong official earnings source,https://investors.caterpillar.com/financials/quarterly-results/default.aspx,no,403,https://investors.caterpillar.com/financials/quarterly-results/default.aspx,text/html; charset=UTF-8,Just a moment...,,cloudflare_challenge,Prefer alternate official endpoint; otherwise use manual/browser pass without attempting bypass.,200,2023|2022|2021|2020|2019,yes,yes,,low_blocked_unless_feed
CAT,Caterpillar Inc.,investor_presentations_archive,https://investors.caterpillar.com/events-presentations/default.aspx,Official events and presentations archive with dated conference materials.,yes,yes,no,Useful for presentations and event timing,https://investors.caterpillar.com/events-presentations/default.aspx,no,403,https://investors.caterpillar.com/events-presentations/default.aspx,text/html; charset=UTF-8,Just a moment...,,cloudflare_challenge,Prefer alternate official endpoint; otherwise use manual/browser pass without attempting bypass.,200,2023|2022|2021|2020|2019,yes,yes,,low_blocked_unless_feed
CAT,Caterpillar Inc.,investor_relations_hub,https://investors.caterpillar.com/overview/default.aspx,Overview page exposing news releases quarterly results and presentations from the same official IR site.,yes,yes,no,Good discovery page if crawling multiple source types,https://investors.caterpillar.com/overview/default.aspx,yes,200,https://investors.caterpillar.com/overview/default.aspx,text/html; charset=utf-8,Caterpillar Inc. - Overview,,q4_or_q4_like,Discover Q4 module/API parameters or use browser network capture to identify JSON endpoints.,200,2023|2022|2021|2020|2019,yes,yes,,high_q4_feed
CRM,Salesforce Inc.,earnings_results_archive,https://investor.salesforce.com/financials/quarterly-results/,Official quarterly results hub with earnings materials and dated filings.,yes,yes,no,Good fit for quarterly results,https://investor.salesforce.com/financials/quarterly-results/,no,403,https://investor.salesforce.com/financials/quarterly-results/,text/html; charset=UTF-8,Just a moment...,,cloudflare_challenge,Prefer alternate official endpoint; otherwise use manual/browser pass without attempting bypass.,200,2023|2022|2021|2020|2019|2018|2017|2016|2015|2014|2013,yes,yes,,low_blocked_unless_feed
CRM,Salesforce Inc.,investor_presentations_archive,https://investor.salesforce.com/events-and-presentations/default.aspx,Official investor events and presentations archive with webcast and deck links.,yes,yes,no,Useful for conference and earnings materials,https://investor.salesforce.com/events-and-presentations/default.aspx,no,403,https://investor.salesforce.com/events-and-presentations/default.aspx,text/html; charset=UTF-8,Just a moment...,,cloudflare_challenge,Prefer alternate official endpoint; otherwise use manual/browser pass without attempting bypass.,200,2023|2022|2021|2020|2019|2018|2017|2016|2015|2014|2013,yes,yes,,low_blocked_unless_feed
CRM,Salesforce Inc.,ir_press_releases_archive,https://investor.salesforce.com/news/default.aspx,Official Salesforce investor news archive with dated detail pages.,yes,yes,no,Official IR page,https://investor.salesforce.com/news/default.aspx,yes,200,https://investor.salesforce.com/news/default.aspx,text/html; charset=utf-8,"Salesforce.com, Inc. - Investor News",,q4_or_q4_like,Discover Q4 module/API parameters or use browser network capture to identify JSON endpoints.,200,2023|2022|2021|2020|2019|2018|2017|2016|2015|2014|2013,yes,yes,,high_q4_feed
CSCO,Cisco Systems Inc.,earnings_results_archive,https://investor.cisco.com/financials/quarterly-results/default.aspx,Official quarterly results page with dated earnings releases and transcripts. Search results showed at least 2020 materials on-page.,yes,yes,no,Solid source for earnings backfill,https://investor.cisco.com/financials/quarterly-results/default.aspx,no,403,https://investor.cisco.com/financials/quarterly-results/default.aspx,text/html; charset=UTF-8,Just a moment...,,cloudflare_challenge,Prefer alternate official endpoint; otherwise use manual/browser pass without attempting bypass.,200,2023|2022|2021|2020|2019|2018|2017|2016|2015,yes,yes,,low_blocked_unless_feed
CSCO,Cisco Systems Inc.,investor_presentations_archive,https://investor.cisco.com/events-and-presentations/default.aspx,Official events and presentations archive with dated earnings and conference materials.,yes,yes,no,Useful for slide decks and webcast metadata,https://investor.cisco.com/events-and-presentations/default.aspx,no,403,https://investor.cisco.com/events-and-presentations/default.aspx,text/html; charset=UTF-8,Just a moment...,,cloudflare_challenge,Prefer alternate official endpoint; otherwise use manual/browser pass without attempting bypass.,200,2023|2022|2021|2020|2019|2018|2017|2016|2015,yes,yes,,low_blocked_unless_feed
CSCO,Cisco Systems Inc.,ir_press_releases_archive,https://investor.cisco.com/news/default.aspx,Official Cisco IR news archive with dated release pages.,yes,yes,no,Official IR page,https://investor.cisco.com/news/default.aspx,yes,200,https://investor.cisco.com/news/default.aspx,text/html; charset=utf-8,Cisco Systems Inc. - News,,q4_or_q4_like,Discover Q4 module/API parameters or use browser network capture to identify JSON endpoints.,200,2023|2022|2021|2020|2019|2018|2017|2016|2015,yes,yes,,high_q4_feed
CVX,Chevron Corporation,financial_reports_archive,https://www.chevron.com/investors/reports-and-filings,Official reports and filings hub for annual and statutory materials.,yes,yes,no,Good backup source for older train windows,https://www.chevron.com/investors/reports-and-filings,yes,403,https://www.chevron.com/investors/reports-and-filings,text/html,Service unavailable,,fetch_problem,Recheck with requests/certifi/curl fallback and replace if still blocked.,,,no,no,,low_recheck
CVX,Chevron Corporation,investor_presentations_archive,https://www.chevron.com/investors/events-presentations,Official investor events and presentations page with dated materials.,yes,yes,no,Useful for earnings calls and investor day materials,https://www.chevron.com/investors/events-presentations,no,403,https://www.chevron.com/investors/events-presentations,text/html,Service unavailable,,fetch_problem,Recheck with requests/certifi/curl fallback and replace if still blocked.,,,no,no,,low_recheck
CVX,Chevron Corporation,investor_relations_hub,https://www.chevron.com/investors,Official Chevron investor relations hub covering financials events and news. Strong official source for recent history.,yes,yes,no,Use together with reports and events pages,https://www.chevron.com/investors,yes,403,https://www.chevron.com/investors,text/html,Service unavailable,,fetch_problem,Recheck with requests/certifi/curl fallback and replace if still blocked.,,,no,no,,low_recheck
DIS,The Walt Disney Company,investor_presentations_archive,https://investors.thewaltdisneycompany.com/events-and-presentations/default.aspx,Official Disney events and presentations archive with archived events and webcast materials.,yes,yes,yes,Official IR provider page with JS-driven year filter,https://investors.thewaltdisneycompany.com/events-and-presentations/default.aspx,no,403,https://investors.thewaltdisneycompany.com/events-and-presentations/default.aspx,text/html; charset=UTF-8,Just a moment...,,cloudflare_challenge,Prefer alternate official endpoint; otherwise use manual/browser pass without attempting bypass.,200,2023|2022|2021|2020|2019|2018|2017|2016|2015,yes,yes,,low_blocked_unless_feed
DIS,The Walt Disney Company,investor_relations_hub,https://investors.thewaltdisneycompany.com/,Official IR hub linking news quarterly results annual reports and events.,yes,yes,yes,Useful discovery page for adjacent archives,https://investors.thewaltdisneycompany.com/,yes,200,https://investors.thewaltdisneycompany.com/,text/html; charset=utf-8,The Walt Disney Company - Investor Relations,,q4_or_q4_like,Discover Q4 module/API parameters or use browser network capture to identify JSON endpoints.,200,2023|2022|2021|2020|2019|2018|2017|2016|2015,yes,yes,,high_q4_feed
DIS,The Walt Disney Company,ir_press_releases_archive,https://investors.thewaltdisneycompany.com/news/default.aspx,Official Disney IR news archive. Search results show dated entries and year selection.,yes,yes,yes,Official IR provider page with JS-driven year filter,https://investors.thewaltdisneycompany.com/news/default.aspx,no,200,https://investors.thewaltdisneycompany.com/news/default.aspx,text/html; charset=utf-8,The Walt Disney Company - News,,q4_or_q4_like,Discover Q4 module/API parameters or use browser network capture to identify JSON endpoints.,200,2023|2022|2021|2020|2019|2018|2017|2016|2015,yes,yes,,high_q4_feed
GS,The Goldman Sachs Group Inc.,financial_reports_archive,https://www.goldmansachs.com/investor-relations/financials,Official investor financials page with earnings releases results and annual documents.,yes,yes,no,Good source for earnings-related materials,https://www.goldmansachs.com/investor-relations/financials,yes,200,https://www.goldmansachs.com/investor-relations/financials,text/html; charset=UTF-8,Financials | Goldman Sachs,,static_html_or_custom,Use generic archive discovery first; add source adapter only if coverage is poor.,,,no,no,,high_static_or_wp_candidate
GS,The Goldman Sachs Group Inc.,investor_presentations_archive,https://www.goldmansachs.com/investor-relations/presentations,Official presentations page for investor materials and conference decks.,yes,yes,no,Official investor presentations page,https://www.goldmansachs.com/investor-relations/presentations,no,200,https://www.goldmansachs.com/investor-relations/presentations,text/html; charset=UTF-8,Presentations | Goldman Sachs,,static_html_or_custom,Use generic archive discovery first; add source adapter only if coverage is poor.,,,no,no,,high_static_or_wp_candidate
GS,The Goldman Sachs Group Inc.,ir_press_releases_archive,https://www.goldmansachs.com/pressroom,Official Goldman Sachs pressroom with dated firm announcements and press releases.,yes,yes,no,Official company press page,https://www.goldmansachs.com/pressroom,no,200,https://www.goldmansachs.com/pressroom,text/html; charset=UTF-8,Pressroom | Goldman Sachs,,static_html_or_custom,Use generic archive discovery first; add source adapter only if coverage is poor.,,,no,no,,high_static_or_wp_candidate
HD,The Home Depot Inc.,earnings_results_archive,https://ir.homedepot.com/financial-reports/quarterly-earnings/2025,Official quarterly earnings year page with dated quarterly releases and related materials.,yes,yes,no,Year-based earnings archive route,https://ir.homedepot.com/financial-reports/quarterly-earnings/2025,yes,200,https://ir.homedepot.com/financial-reports/quarterly-earnings/2025,text/html; charset=utf-8,Quarterly Earnings 2025 | The Home Depot,,static_html_or_custom,Use generic archive discovery first; add source adapter only if coverage is poor.,,,no,no,,high_static_or_wp_candidate
HD,The Home Depot Inc.,investor_presentations_archive,https://ir.homedepot.com/events-and-presentations,Official events and presentations archive with dated earnings calls and investor conference decks.,yes,yes,no,Strong official event source,https://ir.homedepot.com/events-and-presentations,no,200,https://ir.homedepot.com/events-and-presentations,text/html; charset=utf-8,Events & Presentations | The Home Depot,,static_html_or_custom,Use generic archive discovery first; add source adapter only if coverage is poor.,,,no,no,,high_static_or_wp_candidate
HD,The Home Depot Inc.,ir_press_releases_archive,https://ir.homedepot.com/news-releases/2025,Official Home Depot IR news archive using year pages and pagination. Good for dated releases.,yes,yes,no,Year-based archive route on official IR site,https://ir.homedepot.com/news-releases/2025,yes,200,https://ir.homedepot.com/news-releases/2025,text/html; charset=utf-8,News Releases 2025 | The Home Depot,,static_html_or_custom,Use generic archive discovery first; add source adapter only if coverage is poor.,,,no,no,,high_static_or_wp_candidate
HON,Honeywell International Inc.,earnings_results_archive,https://investor.honeywell.com/financial-information/quarterly-results,Official quarterly results archive with releases presentations and filings. Search results show several historical years on-page.,yes,yes,no,Historical quarters visible directly,https://investor.honeywell.com/financial-information/quarterly-results,no,,,,,"ReadTimeout: HTTPSConnectionPool(host='investor.honeywell.com', port=443): Read timed out. (read timeout=8)",fetch_problem,Recheck with requests/certifi/curl fallback and replace if still blocked.,,,no,no,,low_recheck
HON,Honeywell International Inc.,events_archive,https://investor.honeywell.com/events-and-presentations/events,Official events archive with dated conference and earnings call materials.,yes,yes,no,Useful for event timing and webcast links,https://investor.honeywell.com/events-and-presentations/events,no,200,https://investor.honeywell.com/events-and-presentations/events,text/html; charset=UTF-8,Events | Honeywell International Inc.,,gcs_web,Use GCS/Web year/category pagination; validate detail pages after URL discovery.,,,no,no,,medium_vendor_or_browser
HON,Honeywell International Inc.,investor_presentations_archive,https://investor.honeywell.com/events-and-presentations/presentations,Official presentations archive with explicit year filter including 2010 and newer.,yes,yes,no,Strong fit for 2010-2023 presentation coverage,https://investor.honeywell.com/events-and-presentations/presentations,no,200,https://investor.honeywell.com/events-and-presentations/presentations,text/html; charset=UTF-8,Presentations | Honeywell International Inc.,,gcs_web,Use GCS/Web year/category pagination; validate detail pages after URL discovery.,,,no,no,,medium_vendor_or_browser
IBM,International Business Machines Corporation,company_news_archive,https://newsroom.ibm.com/announcements,Official IBM newsroom press release archive with year and category filters.,yes,yes,no,Official newsroom archive,https://newsroom.ibm.com/announcements,no,200,https://newsroom.ibm.com/announcements,text/html; charset=UTF-8,IBM - Announcements,,static_html_or_custom,Use generic archive discovery first; add source adapter only if coverage is poor.,,,no,no,,high_static_or_wp_candidate
IBM,International Business Machines Corporation,earnings_results_archive,https://www.ibm.com/investor/financial-reporting/quarterly-earnings,Official IBM quarterly earnings hub. IBM states the page includes archived quarterly materials back to 2008 for older years.,yes,yes,no,Very strong fit for long train windows,https://www.ibm.com/investor/financial-reporting/quarterly-earnings,no,200,https://www.ibm.com/investor/financial-reporting/quarterly-earnings,text/html;charset=utf-8,Quarterly Earnings Announcements | IBM,,static_html_or_custom,Use generic archive discovery first; add source adapter only if coverage is poor.,,,no,no,,high_static_or_wp_candidate
IBM,International Business Machines Corporation,investor_presentations_archive,https://www.ibm.com/investor/events,Official IBM events and presentations archive with dated events and earnings announcements.,yes,yes,no,Useful for investor event materials,https://www.ibm.com/investor/events,no,200,https://www.ibm.com/investor/events,text/html;charset=utf-8,Events and Presentations - Investor Relations | IBM,,static_html_or_custom,Use generic archive discovery first; add source adapter only if coverage is poor.,,,no,no,,high_static_or_wp_candidate
INTC,Intel Corporation,earnings_results_archive,https://www.intc.com/financial-info/financial-results,Official Intel financial results archive with dated quarters and downloadable materials.,yes,yes,no,Good fit for quarter-level extraction,https://www.intc.com/financial-info/financial-results,no,200,https://www.intc.com/financial-info/financial-results,text/html; charset=UTF-8,Financial Results :: Intel Corporation (INTC),,static_html_or_custom,Use generic archive discovery first; add source adapter only if coverage is poor.,,,no,no,,high_static_or_wp_candidate
INTC,Intel Corporation,investor_presentations_archive,https://www.intc.com/news-events/presentations,Official Intel presentations archive with dated earnings and event decks.,yes,yes,no,Useful for slide decks and prepared remarks,https://www.intc.com/news-events/presentations,no,200,https://www.intc.com/news-events/presentations,text/html; charset=UTF-8,Presentations :: Intel Corporation (INTC),,quotemedia,Use QuoteMedia-backed investor page parser; inspect XHR calls and avoid treating shell HTML as documents.,,,no,no,,medium_vendor_or_browser
INTC,Intel Corporation,ir_press_releases_archive,https://www.intc.com/news-events/press-releases,Official Intel press release archive with dated items and full detail pages.,yes,yes,no,Official IR page,https://www.intc.com/news-events/press-releases,no,200,https://www.intc.com/news-events/press-releases,text/html; charset=UTF-8,Press Releases :: Intel Corporation (INTC),,quotemedia,Use QuoteMedia-backed investor page parser; inspect XHR calls and avoid treating shell HTML as documents.,,,no,no,,medium_vendor_or_browser
JNJ,Johnson & Johnson,earnings_results_archive,https://www.investor.jnj.com/financials/quarterly-results/default.aspx,Official quarterly results archive with press releases supplemental schedules and earnings presentations.,yes,yes,yes,Strong earnings source on official IR site,https://www.investor.jnj.com/financials/quarterly-results/default.aspx,no,403,https://www.investor.jnj.com/financials/quarterly-results/default.aspx,text/html; charset=UTF-8,Just a moment...,,cloudflare_challenge,Prefer alternate official endpoint; otherwise use manual/browser pass without attempting bypass.,200,2023|2022|2021|2020|2019|2018|2017|2016|2015|2014|2013,yes,yes,,low_blocked_unless_feed
JNJ,Johnson & Johnson,investor_presentations_archive,https://www.investor.jnj.com/events-and-presentations/default.aspx,Official events and presentations archive with dated decks press releases and transcripts.,yes,yes,yes,Useful for earnings and conference materials,https://www.investor.jnj.com/events-and-presentations/default.aspx,no,403,https://www.investor.jnj.com/events-and-presentations/default.aspx,text/html; charset=UTF-8,Just a moment...,,cloudflare_challenge,Prefer alternate official endpoint; otherwise use manual/browser pass without attempting bypass.,200,2023|2022|2021|2020|2019|2018|2017|2016|2015|2014|2013,yes,yes,,low_blocked_unless_feed
JNJ,Johnson & Johnson,investor_relations_hub,https://www.investor.jnj.com/overview/default.aspx,Official J&J IR hub linking investor news quarterly results and events presentations.,yes,yes,yes,Official IR provider page,https://www.investor.jnj.com/overview/default.aspx,yes,403,https://www.investor.jnj.com/overview/default.aspx,text/html; charset=UTF-8,Just a moment...,,cloudflare_challenge,Prefer alternate official endpoint; otherwise use manual/browser pass without attempting bypass.,200,2023|2022|2021|2020|2019|2018|2017|2016|2015|2014|2013,yes,yes,,low_blocked_unless_feed
JPM,JPMorgan Chase & Co.,earnings_results_archive,https://www.jpmorganchase.com/ir/quarterly-earnings,Official quarterly earnings hub with dated press releases presentations supplements and transcripts.,yes,yes,no,Very good earnings source,https://www.jpmorganchase.com/ir/quarterly-earnings,no,200,https://www.jpmorganchase.com/ir/quarterly-earnings,text/html;charset=utf-8,Quarterly Earnings | JPMorganChase,,gcs_web,Use GCS/Web year/category pagination; validate detail pages after URL discovery.,,,no,no,,medium_vendor_or_browser
JPM,JPMorgan Chase & Co.,investor_presentations_archive,https://www.jpmorganchase.com/ir/events,Official events and presentations archive with investor day and conference materials.,yes,yes,no,Useful for investor event history,https://www.jpmorganchase.com/ir/events,no,200,https://www.jpmorganchase.com/ir/events,text/html;charset=utf-8,Events | JPMorganChase,,gcs_web,Use GCS/Web year/category pagination; validate detail pages after URL discovery.,,,no,no,,medium_vendor_or_browser
JPM,JPMorgan Chase & Co.,ir_press_releases_archive,https://www.jpmorganchase.com/ir/news,Official JPMorganChase IR news archive with dated firm press releases.,yes,yes,no,Official company IR page,https://www.jpmorganchase.com/ir/news,no,200,https://www.jpmorganchase.com/ir/news,text/html;charset=utf-8,Press Releases | JPMorganChase,,gcs_web,Use GCS/Web year/category pagination; validate detail pages after URL discovery.,,,no,no,,medium_vendor_or_browser
KO,The Coca-Cola Company,earnings_results_archive,https://investors.coca-colacompany.com/financial-information,Official financial information page with dated earnings releases call transcripts and annual reports. Search results show multiple historical years on-page.,yes,yes,no,Good multi-year earnings hub,https://investors.coca-colacompany.com/financial-information,no,200,https://investors.coca-colacompany.com/financial-information,text/html; charset=UTF-8,Financial Information :: The Coca-Cola Company (KO),,quotemedia,Use QuoteMedia-backed investor page parser; inspect XHR calls and avoid treating shell HTML as documents.,,,no,no,,medium_vendor_or_browser
KO,The Coca-Cola Company,investor_relations_hub,https://investors.coca-colacompany.com/news-events,Official news and events hub linking releases and investor events.,yes,yes,no,Useful discovery page for adjacent archives,https://investors.coca-colacompany.com/news-events,yes,200,https://investors.coca-colacompany.com/news-events,text/html; charset=UTF-8,News & Events :: The Coca-Cola Company (KO),,quotemedia,Use QuoteMedia-backed investor page parser; inspect XHR calls and avoid treating shell HTML as documents.,,,no,no,,medium_vendor_or_browser
KO,The Coca-Cola Company,ir_press_releases_archive,https://investors.coca-colacompany.com/news-events/press-releases,Official Coca-Cola press release archive with dated detail pages and PDFs.,yes,yes,no,Official IR news archive,https://investors.coca-colacompany.com/news-events/press-releases,no,200,https://investors.coca-colacompany.com/news-events/press-releases,text/html; charset=UTF-8,Press Releases :: The Coca-Cola Company (KO),,quotemedia,Use QuoteMedia-backed investor page parser; inspect XHR calls and avoid treating shell HTML as documents.,,,no,no,,medium_vendor_or_browser
MCD,McDonald's Corporation,financial_reports_archive,https://corporate.mcdonalds.com/corpmcd/investors/financial-information.html,Official financial information page for quarterly results annual reports and related filings.,yes,yes,no,Good core source for financial documents,https://corporate.mcdonalds.com/corpmcd/investors/financial-information.html,no,200,https://corporate.mcdonalds.com/corpmcd/investors/financial-information.html,text/html;charset=utf-8,Financial Information and Annual Reports | McDonald’s,,static_html_or_custom,Use generic archive discovery first; add source adapter only if coverage is poor.,,,no,no,,high_static_or_wp_candidate
MCD,McDonald's Corporation,investor_presentations_archive,https://corporate.mcdonalds.com/corpmcd/investors/events-and-presentations.html,Official events and presentations page with shareholder meeting and investor presentation materials.,yes,yes,no,Useful for presentations and event metadata,https://corporate.mcdonalds.com/corpmcd/investors/events-and-presentations.html,no,200,https://corporate.mcdonalds.com/corpmcd/investors/events-and-presentations.html,text/html;charset=utf-8,Events & Presentations | McDonald’s Corporation,,static_html_or_custom,Use generic archive discovery first; add source adapter only if coverage is poor.,,,no,no,,high_static_or_wp_candidate
MCD,McDonald's Corporation,investor_relations_hub,https://corporate.mcdonalds.com/corpmcd/investors.html,Official McDonald's investor relations hub with latest financial news and shareholder resources.,yes,yes,no,Official company investor page,https://corporate.mcdonalds.com/corpmcd/investors.html,no,200,https://corporate.mcdonalds.com/corpmcd/investors.html,text/html;charset=utf-8,"Investor Information, Services, and Relations | McDonald’s",,static_html_or_custom,Use generic archive discovery first; add source adapter only if coverage is poor.,,,no,no,,medium_static_candidate
MMM,3M Company,earnings_results_archive,https://investors.3m.com/news-events/earnings-releases,Official 3M earnings release archive with dated result pages.,yes,yes,no,Strong quarter-result source,https://investors.3m.com/news-events/earnings-releases,no,200,https://investors.3m.com/news-events/earnings-releases,text/html; charset=UTF-8,Earnings Releases :: 3M Company (MMM),,quotemedia,Use QuoteMedia-backed investor page parser; inspect XHR calls and avoid treating shell HTML as documents.,,,no,no,,medium_vendor_or_browser
MMM,3M Company,investor_presentations_archive,https://investors.3m.com/news-events/events-presentations,Official 3M events and presentations archive with dated conference and earnings materials.,yes,yes,no,Useful for event-driven datasets,https://investors.3m.com/news-events/events-presentations,no,200,https://investors.3m.com/news-events/events-presentations,text/html; charset=UTF-8,Events & Presentations :: 3M Company (MMM),,quotemedia,Use QuoteMedia-backed investor page parser; inspect XHR calls and avoid treating shell HTML as documents.,,,no,no,,medium_vendor_or_browser
MMM,3M Company,ir_press_releases_archive,https://investors.3m.com/news-events/press-releases,Official 3M press release archive with dated items and category filters.,yes,yes,no,Official IR archive,https://investors.3m.com/news-events/press-releases,no,200,https://investors.3m.com/news-events/press-releases,text/html; charset=UTF-8,Press Releases :: 3M Company (MMM),,quotemedia,Use QuoteMedia-backed investor page parser; inspect XHR calls and avoid treating shell HTML as documents.,,,no,no,,medium_vendor_or_browser
MRK,Merck & Co. Inc.,company_news_archive,https://www.merck.com/media/news/,Official Merck news release archive with explicit year filter including 2010-2026.,yes,yes,no,Very strong fit for long historical coverage,https://www.merck.com/media/news/,yes,200,https://www.merck.com/media/news/,text/html; charset=UTF-8,News releases - Merck.com,,wordpress,Use WordPress REST API or sitemap before HTML scraping.,,,no,no,,high_static_or_wp_candidate
MRK,Merck & Co. Inc.,earnings_results_archive,https://www.merck.com/investor-relations/financial-information/,Official financial information page with quarterly reports and annual reports. Explicit year menu includes 2010-2026.,yes,yes,no,Strong fit for 2010-2023 financial coverage,https://www.merck.com/investor-relations/financial-information/,no,200,https://www.merck.com/investor-relations/financial-information/,text/html; charset=UTF-8,Financial information - Merck.com,,wordpress,Use WordPress REST API or sitemap before HTML scraping.,,,no,no,,high_static_or_wp_candidate
MRK,Merck & Co. Inc.,investor_presentations_archive,https://www.merck.com/investor-relations/events-and-presentations/,Official Merck events and presentations archive with dated webcast presentation and transcript links.,yes,yes,no,Useful for earnings calls and conferences,https://www.merck.com/investor-relations/events-and-presentations/,no,200,https://www.merck.com/investor-relations/events-and-presentations/,text/html; charset=UTF-8,Events & presentations | Merck,,wordpress,Use WordPress REST API or sitemap before HTML scraping.,,,no,no,,high_static_or_wp_candidate
MSFT,Microsoft Corporation,annual_reports_archive,https://www.microsoft.com/investor/reports/ar25/index.html,Official Microsoft annual report series. Current year page is here and older years follow the same official investor reports structure.,yes,yes,no,Useful backup for financial history,https://www.microsoft.com/investor/reports/ar25/index.html,yes,200,https://www.microsoft.com/investor/reports/ar25/index.html,text/html,Microsoft 2025 Annual Report,,static_html_or_custom,Use generic archive discovery first; add source adapter only if coverage is poor.,,,no,no,,high_static_or_wp_candidate
MSFT,Microsoft Corporation,company_news_archive,https://news.microsoft.com/source/tag/press-releases/,Official Microsoft press release archive with very large dated archive and full text pages.,yes,yes,no,Official company newsroom archive,https://news.microsoft.com/source/tag/press-releases/,yes,200,https://news.microsoft.com/source/tag/press-releases/,text/html; charset=UTF-8,Press releases Archives - Source,,wordpress,Use WordPress REST API or sitemap before HTML scraping.,,,no,no,,high_static_or_wp_candidate
MSFT,Microsoft Corporation,investor_presentations_archive,https://www.microsoft.com/en-us/investor/events/default,Official Microsoft investor events and presentations archive with past events pages.,yes,yes,no,Useful for earnings and conference materials,https://www.microsoft.com/en-us/investor/events/default,no,200,https://www.microsoft.com/en-us/investor/events/default,text/html; charset=utf-8,Microsoft Investor Relations - Events,,q4_or_q4_like,Discover Q4 module/API parameters or use browser network capture to identify JSON endpoints.,404,,no,no,,medium_vendor_or_browser
NKE,NIKE Inc.,investor_relations_hub,https://investors.nike.com/Home/default.aspx,Official NIKE investor relations home page with latest news and presentations.,yes,yes,no,Good discovery page for adjacent materials,https://investors.nike.com/Home/default.aspx,yes,403,https://investors.nike.com/Home/default.aspx,text/html; charset=UTF-8,Just a moment...,,cloudflare_challenge,Prefer alternate official endpoint; otherwise use manual/browser pass without attempting bypass.,200,2023|2022|2021|2020|2019|2018|2017|2016|2015|2014|2013|2012|2011|2010,yes,yes,,low_blocked_unless_feed
NKE,NIKE Inc.,investor_reports_hub,https://investors.nike.com/investors/news-events-and-reports/default.aspx,Official NIKE combined hub covering investor news quarterly earnings annual reports and events presentations.,yes,yes,no,Good all-in-one official source,https://investors.nike.com/investors/news-events-and-reports/default.aspx,no,403,https://investors.nike.com/investors/news-events-and-reports/default.aspx,text/html; charset=UTF-8,Just a moment...,,cloudflare_challenge,Prefer alternate official endpoint; otherwise use manual/browser pass without attempting bypass.,200,2023|2022|2021|2020|2019|2018|2017|2016|2015|2014|2013|2012|2011|2010,yes,yes,,low_blocked_unless_feed
NKE,NIKE Inc.,investor_resources_archive,https://investors.nike.com/investors/resources/default.aspx,Official investor resources page with annual report access and shareholder materials.,yes,yes,no,Useful backup route for annual materials,https://investors.nike.com/investors/resources/default.aspx,yes,403,https://investors.nike.com/investors/resources/default.aspx,text/html; charset=UTF-8,Just a moment...,,cloudflare_challenge,Prefer alternate official endpoint; otherwise use manual/browser pass without attempting bypass.,200,2023|2022|2021|2020|2019|2018|2017|2016|2015|2014|2013|2012|2011|2010,yes,yes,,low_blocked_unless_feed
PG,The Procter & Gamble Company,investor_presentations_archive,https://www.pginvestor.com/events-and-presentations/default.aspx,Official P&G events and presentations archive with archived event year selector. Page is JS-driven.,yes,yes,yes,Useful for investor events and webcasts,https://www.pginvestor.com/events-and-presentations/default.aspx,yes,200,https://www.pginvestor.com/events-and-presentations/default.aspx,text/html; charset=utf-8,Events & Presentations | Procter & Gamble Investor Relations,,q4_or_q4_like,Discover Q4 module/API parameters or use browser network capture to identify JSON endpoints.,200,,no,no,,medium_vendor_or_browser
PG,The Procter & Gamble Company,investor_relations_hub,https://www.pginvestor.com/overview/default.aspx,Official P&G investor hub with latest news events and annual results.,yes,yes,no,Official IR overview page,https://www.pginvestor.com/overview/default.aspx,yes,200,https://www.pginvestor.com/overview/default.aspx,text/html; charset=utf-8,Investor Relations | Procter & Gamble Investor Relations,,q4_or_q4_like,Discover Q4 module/API parameters or use browser network capture to identify JSON endpoints.,200,,no,no,,medium_vendor_or_browser
PG,The Procter & Gamble Company,ir_press_releases_archive,https://www.pginvestor.com/news/default.aspx,Official P&G news archive with year and category selectors. Page is JS-driven.,yes,yes,yes,Official IR news page,https://www.pginvestor.com/news/default.aspx,no,200,https://www.pginvestor.com/news/default.aspx,text/html; charset=utf-8,News | Procter & Gamble Investor Relations,,q4_or_q4_like,Discover Q4 module/API parameters or use browser network capture to identify JSON endpoints.,200,,no,no,,medium_vendor_or_browser
TRV,The Travelers Companies Inc.,earnings_results_archive,https://investor.travelers.com/financial-information/quarterly-results/default.aspx,Official Travelers quarterly results archive linked from the investor site navigation.,yes,yes,no,Good core source for quarter-level materials,https://investor.travelers.com/financial-information/quarterly-results/default.aspx,no,200,https://investor.travelers.com/financial-information/quarterly-results/default.aspx,text/html; charset=utf-8,Travelers Investor Relations | Financial Information - Quarterly Results,,q4_or_q4_like,Discover Q4 module/API parameters or use browser network capture to identify JSON endpoints.,200,2023|2022|2021|2020|2019|2018|2017|2016|2015|2014|2013|2012|2011|2010,yes,yes,,high_q4_feed
TRV,The Travelers Companies Inc.,investor_presentations_archive,https://investor.travelers.com/events-and-presentations/default.aspx,Official Travelers events and presentations archive linked from the investor site navigation.,yes,yes,no,Useful for earnings calls and investor events,https://investor.travelers.com/events-and-presentations/default.aspx,no,200,https://investor.travelers.com/events-and-presentations/default.aspx,text/html; charset=utf-8,Travelers Investor Relations | Events & Presentations,,q4_or_q4_like,Discover Q4 module/API parameters or use browser network capture to identify JSON endpoints.,200,2023|2022|2021|2020|2019|2018|2017|2016|2015|2014|2013|2012|2011|2010,yes,yes,,high_q4_feed
TRV,The Travelers Companies Inc.,ir_press_releases_archive,https://investor.travelers.com/newsroom/press-releases/default.aspx,Official Travelers press release archive on the investor newsroom site.,yes,yes,no,Official IR newsroom route,https://investor.travelers.com/newsroom/press-releases/default.aspx,no,200,https://investor.travelers.com/newsroom/press-releases/default.aspx,text/html; charset=utf-8,Travelers Investor Relations | Newsroom - Press Releases,,q4_or_q4_like,Discover Q4 module/API parameters or use browser network capture to identify JSON endpoints.,200,2023|2022|2021|2020|2019|2018|2017|2016|2015|2014|2013|2012|2011|2010,yes,yes,,high_q4_feed
UNH,UnitedHealth Group Incorporated,archive_hub,https://www.unitedhealthgroup.com/investors/archive.html,Official archive page for dividends earnings annual reports and filings. Search results explicitly describe historical archive coverage.,yes,yes,no,Useful historical backup source,https://www.unitedhealthgroup.com/investors/archive.html,no,200,https://www.unitedhealthgroup.com/investors/archive.html,text/html;charset=utf-8,Archive - UnitedHealth Group,,static_html_or_custom,Use generic archive discovery first; add source adapter only if coverage is poor.,,,no,no,,high_static_or_wp_candidate
UNH,UnitedHealth Group Incorporated,financial_reports_archive,https://www.unitedhealthgroup.com/investors/financial-reports.html,Official financial reports page with earnings releases quarterly and annual reports. Strong recent coverage from 2020s.,yes,yes,no,Good core financial source,https://www.unitedhealthgroup.com/investors/financial-reports.html,no,200,https://www.unitedhealthgroup.com/investors/financial-reports.html,text/html;charset=utf-8,Financial & Earnings Reports - UnitedHealth Group,,static_html_or_custom,Use generic archive discovery first; add source adapter only if coverage is poor.,,,no,no,,high_static_or_wp_candidate
UNH,UnitedHealth Group Incorporated,investor_relations_hub,https://www.unitedhealthgroup.com/investors.html,Official UnitedHealth Group investor hub with links to reports archive and shareholder resources.,yes,yes,no,Official company investor page,https://www.unitedhealthgroup.com/investors.html,no,200,https://www.unitedhealthgroup.com/investors.html,text/html;charset=utf-8,Investor Information - UnitedHealth Group,,static_html_or_custom,Use generic archive discovery first; add source adapter only if coverage is poor.,,,no,no,,medium_static_candidate
V,Visa Inc.,earnings_results_archive,https://investor.visa.com/financial-information/quarterly-earnings/,Official Visa quarterly earnings archive with archived reports section.,yes,yes,yes,Good fit for quarter-level extraction,https://investor.visa.com/financial-information/quarterly-earnings/,no,403,https://investor.visa.com/financial-information/quarterly-earnings/,text/html; charset=UTF-8,Just a moment...,,cloudflare_challenge,Prefer alternate official endpoint; otherwise use manual/browser pass without attempting bypass.,200,2023|2022|2021|2020|2019|2018|2017|2016|2015|2014|2013|2012|2011|2010,yes,yes,,low_blocked_unless_feed
V,Visa Inc.,investor_presentations_archive,https://investor.visa.com/events-calendar/events-archive/default.aspx,Official Visa events archive with earnings conference calls and event materials.,yes,yes,yes,Useful for presentations and webcasts,https://investor.visa.com/events-calendar/events-archive/default.aspx,no,403,https://investor.visa.com/events-calendar/events-archive/default.aspx,text/html; charset=UTF-8,Just a moment...,,cloudflare_challenge,Prefer alternate official endpoint; otherwise use manual/browser pass without attempting bypass.,200,2023|2022|2021|2020|2019|2018|2017|2016|2015|2014|2013|2012|2011|2010,yes,yes,,low_blocked_unless_feed
V,Visa Inc.,ir_press_releases_archive,https://investor.visa.com/news/default.aspx,Official Visa press release archive with dated items and year selector.,yes,yes,yes,Official IR provider page,https://investor.visa.com/news/default.aspx,no,200,https://investor.visa.com/news/default.aspx,text/html; charset=utf-8,Visa - News,,q4_or_q4_like,Discover Q4 module/API parameters or use browser network capture to identify JSON endpoints.,200,2023|2022|2021|2020|2019|2018|2017|2016|2015|2014|2013|2012|2011|2010,yes,yes,,high_q4_feed
VZ,Verizon Communications Inc.,company_news_archive,https://www.verizon.com/about/news,Official Verizon newsroom with latest company news and stories.,yes,yes,no,Official company newsroom,https://www.verizon.com/about/news,yes,200,https://www.verizon.com/about/news,text/html,Verizon News & Stories | About Verizon,,static_html_or_custom,Use generic archive discovery first; add source adapter only if coverage is poor.,,,no,no,,high_static_or_wp_candidate
VZ,Verizon Communications Inc.,earnings_results_archive,https://www.verizon.com/about/investors/quarterly-earnings,Official Verizon quarterly earnings archive with presentations financial statements and transcripts.,yes,yes,no,Good fit for 2021-2023 and adjacent years,https://www.verizon.com/about/investors/quarterly-earnings,no,200,https://www.verizon.com/about/investors/quarterly-earnings,text/html; charset=utf-8,Quarterly Earnings Conference Call Webcasts | About Verizon,,static_html_or_custom,Use generic archive discovery first; add source adapter only if coverage is poor.,,,no,no,,high_static_or_wp_candidate
VZ,Verizon Communications Inc.,ir_press_releases_archive,https://www.verizon.com/about/news/press-releases,Official Verizon press release archive with explicit year filter including 2010-2026.,yes,yes,no,Very strong fit for long historical coverage,https://www.verizon.com/about/news/press-releases,no,200,https://www.verizon.com/about/news/press-releases,text/html,Press Releases | About Verizon,,static_html_or_custom,Use generic archive discovery first; add source adapter only if coverage is poor.,,,no,no,,high_static_or_wp_candidate
WMT,Walmart Inc.,company_news_archive,https://corporate.walmart.com/news,Official Walmart newsroom with dated corporate announcements and finance-tagged news.,yes,yes,no,Official company newsroom,https://corporate.walmart.com/news,no,200,https://corporate.walmart.com/content/corporate/en_us/news.html,text/html;charset=utf-8,News,,q4_or_q4_like,Discover Q4 module/API parameters or use browser network capture to identify JSON endpoints.,404,,no,no,,medium_vendor_or_browser
WMT,Walmart Inc.,earnings_results_archive,https://stock.walmart.com/financial-information/financial-results,Official Walmart financial results archive. Search results show FY2022 materials directly on-page.,yes,yes,no,Strong recent-historical earnings source,https://stock.walmart.com/financial-information/financial-results,no,200,https://stock.walmart.com/financial-information/financial-results,text/html; charset=UTF-8,Financial Results :: Walmart Inc. (WMT),,quotemedia,Use QuoteMedia-backed investor page parser; inspect XHR calls and avoid treating shell HTML as documents.,,,no,no,,medium_vendor_or_browser
WMT,Walmart Inc.,investor_relations_hub,https://stock.walmart.com/,Official Walmart investor relations hub with latest financial results reports and news.,yes,yes,no,Official IR hub,https://stock.walmart.com/,yes,200,https://stock.walmart.com/,text/html; charset=UTF-8,Walmart Inc. (WMT),,quotemedia,Use QuoteMedia-backed investor page parser; inspect XHR calls and avoid treating shell HTML as documents.,,,no,no,,medium_vendor_or_browser
