ticker,company,source_type,url,coverage_note,has_dates,has_full_text,needs_js,notes,canonical_url,is_new_vs_previous,http_status,final_url,content_type,title_hint,fetch_error,vendor_profile,q4_years_2010_2023,q4_has_train,q4_has_oos,q4_year_endpoint_status,q4_error,likely_value,review_note
AAPL,Apple Inc.,company_news_archive,https://www.apple.com/newsroom/archive/,Official Apple Newsroom archive; paginated archive includes 2010-era dated press releases and OOS-period releases.,yes,yes,no,Primary Apple source for dated full-text company/product releases.,https://www.apple.com/newsroom/archive/,no,200,https://www.apple.com/newsroom/archive/,text/html;charset=utf-8,All Topics Archive - Apple,,static_html_or_custom,,no,no,404,,medium_static_duplicate,Accessible without JS; useful for static archive discovery.
AAPL,Apple Inc.,ir_home_earnings_hub,https://investor.apple.com/investor-relations/default.aspx,Official Apple IR hub with current quarterly-result press releases and webcasts; use with dated pages surfaced from the hub.,yes,yes,yes,Good for current/OOS style earnings links; combine with Newsroom and SEC filings for older history.,https://investor.apple.com/investor-relations/default.aspx,no,200,https://investor.apple.com/investor-relations/default.aspx,text/html; charset=utf-8,Investor Relations - Apple,,q4_or_q4_like,,no,no,200,,medium_browser_or_vendor,Accessible but likely JS/vendor page; useful if adapter exists.
AAPL,Apple Inc.,product_news_archive,https://www.apple.com/newsroom/archive/iphone/,Official Apple iPhone archive with dated product/company releases; useful for major product news around Train/OOS dates.,yes,yes,no,Use as supplemental Apple product-news source; not a financial-results archive.,https://www.apple.com/newsroom/archive/iphone/,yes,200,https://www.apple.com/newsroom/archive/iphone/,text/html;charset=utf-8,iPhone Archive - Apple,,static_html_or_custom,,no,no,404,,high_static_candidate,Accessible without JS; useful for static archive discovery.
AAPL,Apple Inc.,sec_filings_archive,https://investor.apple.com/investor-relations/sec-filings/,Official Apple SEC filings archive with dated annual and quarterly filings; useful back before 2010 and through OOS.,yes,yes,yes,Full filing documents; use accession/detail pages for stable URLs.,https://investor.apple.com/investor-relations/sec-filings/,yes,403,https://investor.apple.com/investor-relations/sec-filings/,text/html; charset=UTF-8,Just a moment...,,cloudflare_challenge,,no,no,200,,medium_duplicate_sec,"Official filings hub, but SEC EDGAR is already cleaner for PIT filing ingestion."
AMGN,Amgen Inc.,annual_reports,https://investors.amgen.com/financials/annual-reports/,Official Amgen annual-report archive with dated reports and related earnings materials.,yes,yes,yes,Use for annual full text and to fill older Train-period coverage.,https://investors.amgen.com/financials/annual-reports/,yes,,,,,"ReadTimeout: HTTPSConnectionPool(host='investors.amgen.com', port=443): Read timed out. (read timeout=8)",fetch_problem,,no,no,,"ReadTimeout: HTTPSConnectionPool(host='investors.amgen.com', port=443): Read timed out. (read timeout=8)",low_recheck,Fetch failed or unstable.
AMGN,Amgen Inc.,investor_presentations,https://investors.amgen.com/news-and-events/presentations/,Official Amgen presentation archive with dated earnings and investor presentations.,yes,yes,yes,PDF presentation text is useful for earnings-event context.,https://investors.amgen.com/news-and-events/presentations/,yes,,,,,"ReadTimeout: HTTPSConnectionPool(host='investors.amgen.com', port=443): Read timed out. (read timeout=8)",fetch_problem,,no,no,,"ReadTimeout: HTTPSConnectionPool(host='investors.amgen.com', port=443): Read timed out. (read timeout=8)",low_recheck,Fetch failed or unstable.
AMGN,Amgen Inc.,ir_press_releases,https://investors.amgen.com/news-and-events/press-releases/,Official Amgen IR press-release archive with dated release pages; visible archive currently emphasizes 2022 onward.,yes,yes,yes,Good for OOS and recent training years; check older releases via detail search/SEC if needed.,https://investors.amgen.com/news-and-events/press-releases/,no,,,,,"ReadTimeout: HTTPSConnectionPool(host='investors.amgen.com', port=443): Read timed out. (read timeout=8)",fetch_problem,,no,no,,"ReadTimeout: HTTPSConnectionPool(host='investors.amgen.com', port=443): Read timed out. (read timeout=8)",low_recheck,Fetch failed or unstable.
AMGN,Amgen Inc.,quarterly_earnings,https://investors.amgen.com/financials/quarterly-earnings/,"Official Amgen quarterly earnings page with dated earnings releases, presentations and webcast links.",yes,yes,yes,Best Amgen source for earnings releases/presentations around split dates.,https://investors.amgen.com/financials/quarterly-earnings/,no,,,,,"ReadTimeout: HTTPSConnectionPool(host='investors.amgen.com', port=443): Read timed out. (read timeout=8)",fetch_problem,,no,no,,"ReadTimeout: HTTPSConnectionPool(host='investors.amgen.com', port=443): Read timed out. (read timeout=8)",low_recheck,Fetch failed or unstable.
AMZN,Amazon.com Inc.,annual_reports_shareholder_letters,https://ir.aboutamazon.com/annual-reports-proxies-and-shareholder-letters/default.aspx,"Official Amazon archive for annual reports, proxies and shareholder letters; useful back through 2010-era filings.",yes,yes,yes,Full annual reports and letters; good long-history supplement.,https://ir.aboutamazon.com/annual-reports-proxies-and-shareholder-letters/default.aspx,yes,403,https://ir.aboutamazon.com/annual-reports-proxies-and-shareholder-letters/default.aspx,text/html; charset=UTF-8,Just a moment...,,cloudflare_challenge,2015|2016|2017|2018|2019|2020|2021|2022|2023,yes,yes,200,,high_q4_feed,Public Q4 feed exposes dated archive years; crawler can ingest via q4 adapter.
AMZN,Amazon.com Inc.,investor_events,https://ir.aboutamazon.com/events/default.aspx,Official Amazon IR events page with dated events and webcasts/presentations.,yes,yes,yes,Use event dates to align with split; includes earnings calls and investor events.,https://ir.aboutamazon.com/events/default.aspx,yes,403,https://ir.aboutamazon.com/events/default.aspx,text/html; charset=UTF-8,Just a moment...,,cloudflare_challenge,2015|2016|2017|2018|2019|2020|2021|2022|2023,yes,yes,200,,high_q4_feed,Public Q4 feed exposes dated archive years; crawler can ingest via q4 adapter.
AMZN,Amazon.com Inc.,ir_press_releases,https://ir.aboutamazon.com/news-release/default.aspx,Official Amazon IR news-release archive with dated full release pages.,yes,yes,yes,Primary official source for Amazon financial/company releases.,https://ir.aboutamazon.com/news-release/default.aspx,no,403,https://ir.aboutamazon.com/news-release/default.aspx,text/html; charset=UTF-8,Just a moment...,,cloudflare_challenge,2015|2016|2017|2018|2019|2020|2021|2022|2023,yes,yes,200,,high_q4_feed,Public Q4 feed exposes dated archive years; crawler can ingest via q4 adapter.
AMZN,Amazon.com Inc.,quarterly_results,https://ir.aboutamazon.com/quarterly-results/default.aspx,Official Amazon quarterly results archive; includes dated earnings releases and financial materials.,yes,yes,yes,Best Amazon source for earnings releases within Train and OOS windows.,https://ir.aboutamazon.com/quarterly-results/default.aspx,no,403,https://ir.aboutamazon.com/quarterly-results/default.aspx,text/html; charset=UTF-8,Just a moment...,,cloudflare_challenge,2015|2016|2017|2018|2019|2020|2021|2022|2023,yes,yes,200,,high_q4_feed,Public Q4 feed exposes dated archive years; crawler can ingest via q4 adapter.
AXP,American Express Company,annual_reports_proxy,https://ir.americanexpress.com/financials/annual-reports-and-proxy-statements/default.aspx,Official AXP annual reports and proxy statements; visible archive covers 2014 onward and likely more through filters.,yes,yes,yes,Good for annual full-text reporting; use SEC page for earlier 2010-2013 annual/quarterly coverage if annual page is incomplete.,https://ir.americanexpress.com/financials/annual-reports-and-proxy-statements/default.aspx,yes,200,https://ir.americanexpress.com/financials/annual-reports-and-proxy-statements/default.aspx,text/html; charset=utf-8,American Express Company - Financials - Annual Reports &amp; Proxy Statements,,q4_or_q4_like,2018|2019|2020|2021|2022|2023,yes,yes,200,,high_q4_feed,Public Q4 feed exposes dated archive years; crawler can ingest via q4 adapter.
AXP,American Express Company,earnings_sec_filings,https://ir.americanexpress.com/financials/earnings-and-sec-filings/default.aspx,Official AXP earnings and SEC filings page with date/type filters and full filing documents.,yes,yes,yes,Use filings and earnings release details for Train/OOS coverage.,https://ir.americanexpress.com/financials/earnings-and-sec-filings/default.aspx,yes,200,https://ir.americanexpress.com/financials/earnings-and-sec-filings/default.aspx,text/html; charset=utf-8,American Express Company - Financials - Earnings &amp; SEC Filings,,q4_or_q4_like,2018|2019|2020|2021|2022|2023,yes,yes,200,,medium_duplicate_sec,"Official filings hub, but SEC EDGAR is already cleaner for PIT filing ingestion."
AXP,American Express Company,investor_events,https://ir.americanexpress.com/events/default.aspx,"Official AXP events archive with dated earnings calls, investor days and presentation links.",yes,yes,yes,Past events include older investor days and earnings-call materials.,https://ir.americanexpress.com/events/default.aspx,yes,200,https://ir.americanexpress.com/events/default.aspx,text/html; charset=utf-8,American Express Company - Events,,q4_or_q4_like,2018|2019|2020|2021|2022|2023,yes,yes,200,,high_q4_feed,Public Q4 feed exposes dated archive years; crawler can ingest via q4 adapter.
AXP,American Express Company,ir_news_archive,https://ir.americanexpress.com/news/investor-relations-news/default.aspx,Official American Express IR news archive with dated full release pages.,yes,yes,yes,Primary official news/earnings-release archive.,https://ir.americanexpress.com/news/investor-relations-news/default.aspx,yes,200,https://ir.americanexpress.com/news/investor-relations-news/default.aspx,text/html; charset=utf-8,American Express Company - News - Investor Relations News,,q4_or_q4_like,2018|2019|2020|2021|2022|2023,yes,yes,200,,high_q4_feed,Public Q4 feed exposes dated archive years; crawler can ingest via q4 adapter.
BA,The Boeing Company,company_newsroom_archive,https://boeing.mediaroom.com/news-releases-statements,Official Boeing MediaRoom news-release archive with dated release pages and older paginated history.,yes,yes,no,Best Boeing source for long-history press releases.,https://boeing.mediaroom.com/news-releases-statements,no,200,https://boeing.mediaroom.com/news-releases-statements,text/html; charset=UTF-8,News Releases | Boeing Newsroom,,static_html_or_custom,,no,no,404,,medium_static_duplicate,Accessible without JS; useful for static archive discovery.
BA,The Boeing Company,events_presentations,https://investors.boeing.com/investors/events-presentations/,Official Boeing IR events and presentations archive with dated investor-event materials.,yes,yes,yes,Use for presentations/transcripts; may need JS for archive filtering.,https://investors.boeing.com/investors/events-presentations/,yes,200,https://investors.boeing.com/investors/events-presentations/,text/html; charset=utf-8,Boeing Company - Investors - Events &amp; Presentations,,q4_or_q4_like,2011|2012|2013|2014|2015|2016|2017|2018|2019|2020|2021|2022|2023,yes,yes,200,,high_q4_feed,Public Q4 feed exposes dated archive years; crawler can ingest via q4 adapter.
BA,The Boeing Company,financial_reports_archive,https://investors.boeing.com/investors/reports/,Official Boeing financial reports archive for annual reports and quarterly earnings materials.,yes,yes,yes,Useful for full annual/quarterly documents in the Train/OOS windows.,https://investors.boeing.com/investors/reports/,yes,200,https://investors.boeing.com/investors/reports/,text/html; charset=utf-8,Boeing Company - Investors - Reports,,q4_or_q4_like,2011|2012|2013|2014|2015|2016|2017|2018|2019|2020|2021|2022|2023,yes,yes,200,,high_q4_feed,Public Q4 feed exposes dated archive years; crawler can ingest via q4 adapter.
BA,The Boeing Company,ir_news_archive,https://investors.boeing.com/investors/news/default.aspx,Official Boeing IR news archive with dated releases; Q4/IR provider year filters may require JS.,yes,yes,yes,Use for investor/financial press releases; detail pages carry dates/full text.,https://investors.boeing.com/investors/news/default.aspx,no,200,https://investors.boeing.com/investors/news/default.aspx,text/html; charset=utf-8,Boeing Company - Investors - News,,q4_or_q4_like,2011|2012|2013|2014|2015|2016|2017|2018|2019|2020|2021|2022|2023,yes,yes,200,,high_q4_feed,Public Q4 feed exposes dated archive years; crawler can ingest via q4 adapter.
CAT,Caterpillar Inc.,company_press_release_archive,https://www.caterpillar.com/en/news/corporate-press-releases/h.html,Official Caterpillar corporate press-release archive with dated release pages; includes older historical pages.,yes,yes,no,Primary long-history company-news source.,https://www.caterpillar.com/en/news/corporate-press-releases/h.html,yes,403,https://www.caterpillar.com/en/news/corporate-press-releases/h.html,text/html,Access Denied,,fetch_problem,,no,no,403,,low_blocked_unless_feed,Blocked top page; useful only if alternate feed/API works.
CAT,Caterpillar Inc.,events_presentations,https://investors.caterpillar.com/events-presentations/default.aspx,Official Caterpillar events and presentations archive with year selector and dated presentation materials.,yes,yes,yes,Use presentation PDFs and event dates; Q4 archive filtering may require JS.,https://investors.caterpillar.com/events-presentations/default.aspx,yes,403,https://investors.caterpillar.com/events-presentations/default.aspx,text/html; charset=UTF-8,Just a moment...,,cloudflare_challenge,2019|2020|2021|2022|2023,yes,yes,200,,high_q4_feed,Public Q4 feed exposes dated archive years; crawler can ingest via q4 adapter.
CAT,Caterpillar Inc.,ir_news_releases,https://investors.caterpillar.com/news/default.aspx,Official Caterpillar IR news area with dated release details.,yes,yes,yes,Use for investor/earnings news; detail pages are full text.,https://investors.caterpillar.com/news/default.aspx,no,403,https://www.caterpillar.com/en/news/,text/html,Access Denied,,q4_or_q4_like,2019|2020|2021|2022|2023,yes,yes,200,,high_q4_feed,Public Q4 feed exposes dated archive years; crawler can ingest via q4 adapter.
CAT,Caterpillar Inc.,quarterly_results,https://investors.caterpillar.com/financials/quarterly-results/default.aspx,Official Caterpillar quarterly results archive with dated earnings releases and materials.,yes,yes,yes,Best CAT source for earnings releases in Train/OOS windows.,https://investors.caterpillar.com/financials/quarterly-results/default.aspx,no,403,https://investors.caterpillar.com/financials/quarterly-results/default.aspx,text/html; charset=UTF-8,Just a moment...,,cloudflare_challenge,2019|2020|2021|2022|2023,yes,yes,200,,high_q4_feed,Public Q4 feed exposes dated archive years; crawler can ingest via q4 adapter.
CRM,Salesforce Inc.,company_earnings_archive,https://www.salesforce.com/news/topics/earnings/,Official Salesforce News earnings-topic archive with dated earnings releases and related posts.,yes,yes,no,Useful direct earnings release feed on company domain.,https://www.salesforce.com/news/topics/earnings/,yes,200,https://www.salesforce.com/news/topics/earnings/?bc=OTH,text/html; charset=UTF-8,Earnings Archives - Salesforce,,wordpress,,no,no,404,,high_static_candidate,Accessible without JS; useful for static archive discovery.
CRM,Salesforce Inc.,company_press_releases,https://www.salesforce.com/news/content-types/press-releases/,Official Salesforce News press-release archive with dated full-text company releases.,yes,yes,no,Primary Salesforce company-news source.,https://www.salesforce.com/news/content-types/press-releases/,yes,200,https://www.salesforce.com/news/content-types/press-releases/?bc=OTH,text/html; charset=UTF-8,Press Releases Archives - Salesforce,,wordpress,,no,no,404,,high_static_candidate,Accessible without JS; useful for static archive discovery.
CRM,Salesforce Inc.,events_presentations,https://investor.salesforce.com/events-and-presentations/default.aspx,Official Salesforce IR events and presentations archive.,yes,yes,yes,Use for investor presentations/webcasts; filter by event date.,https://investor.salesforce.com/events-and-presentations/default.aspx,yes,403,https://investor.salesforce.com/events-and-presentations/default.aspx,text/html; charset=UTF-8,Just a moment...,,cloudflare_challenge,2013|2014|2015|2016|2017|2018|2019|2020|2021|2022|2023,yes,yes,200,,high_q4_feed,Public Q4 feed exposes dated archive years; crawler can ingest via q4 adapter.
CRM,Salesforce Inc.,quarterly_results,https://investor.salesforce.com/financials/quarterly-results/,Official Salesforce IR quarterly results archive with dated earnings releases and materials.,yes,yes,yes,Best official earnings/results source; Q4/IR page may require JS for older years.,https://investor.salesforce.com/financials/quarterly-results/,yes,403,https://investor.salesforce.com/financials/quarterly-results/,text/html; charset=UTF-8,Just a moment...,,cloudflare_challenge,2013|2014|2015|2016|2017|2018|2019|2020|2021|2022|2023,yes,yes,200,,high_q4_feed,Public Q4 feed exposes dated archive years; crawler can ingest via q4 adapter.
CSCO,Cisco Systems Inc.,company_press_releases,https://newsroom.cisco.com/c/r/newsroom/en/us/press-releases.html,Official Cisco newsroom press-release archive with dated full release pages.,yes,yes,no,Primary Cisco company-news source.,https://newsroom.cisco.com/c/r/newsroom/en/us/press-releases.html,no,200,https://newsroom.cisco.com/c/r/newsroom/en/us/press-releases.html,text/html;charset=utf-8,Press Releases,,static_html_or_custom,,no,no,404,,medium_static_duplicate,Accessible without JS; useful for static archive discovery.
CSCO,Cisco Systems Inc.,earnings_acquisitions_news,https://newsroom.cisco.com/earningsandacquisitions,Official Cisco newsroom page focused on earnings and acquisitions releases.,yes,yes,no,Useful topical feed for earnings/acquisition events.,https://newsroom.cisco.com/earningsandacquisitions,yes,200,https://newsroom.cisco.com/c/r/newsroom/en/us/press-room/earnings-and-acquisitions.html,text/html;charset=utf-8,Earnings and Acquisitions,,static_html_or_custom,,no,no,404,,high_static_candidate,Accessible without JS; useful for static archive discovery.
CSCO,Cisco Systems Inc.,events_presentations,https://investor.cisco.com/events-and-presentations/default.aspx,Official Cisco IR events and presentations archive with dated materials.,yes,yes,yes,Use for investor events and earnings-call context.,https://investor.cisco.com/events-and-presentations/default.aspx,yes,403,https://investor.cisco.com/events-and-presentations/default.aspx,text/html; charset=UTF-8,Just a moment...,,cloudflare_challenge,2015|2016|2017|2018|2019|2020|2021|2022|2023,yes,yes,200,,high_q4_feed,Public Q4 feed exposes dated archive years; crawler can ingest via q4 adapter.
CSCO,Cisco Systems Inc.,quarterly_results,https://investor.cisco.com/financials/quarterly-results/default.aspx,"Official Cisco IR quarterly results archive with dated earnings releases, slides and prepared remarks.",yes,yes,yes,Best Cisco source for financial-result releases in Train/OOS windows.,https://investor.cisco.com/financials/quarterly-results/default.aspx,no,403,https://investor.cisco.com/financials/quarterly-results/default.aspx,text/html; charset=UTF-8,Just a moment...,,cloudflare_challenge,2015|2016|2017|2018|2019|2020|2021|2022|2023,yes,yes,200,,high_q4_feed,Public Q4 feed exposes dated archive years; crawler can ingest via q4 adapter.
CVX,Chevron Corporation,company_newsroom_archive,https://www.chevron.com/newsroom/archive,Official Chevron newsroom archive with dated company releases and articles.,yes,yes,no,Primary company-domain news source.,https://www.chevron.com/newsroom/archive,yes,403,https://www.chevron.com/newsroom/archive,text/html,Service unavailable,,fetch_problem,,no,no,403,,low_blocked_unless_feed,Blocked top page; useful only if alternate feed/API works.
CVX,Chevron Corporation,events_presentations,https://www.chevron.com/investors/events-presentations,Official Chevron investors events and presentations page with dated materials.,yes,yes,no,Use presentation and event dates; official company-domain page.,https://www.chevron.com/investors/events-presentations,yes,403,https://www.chevron.com/investors/events-presentations,text/html,Service unavailable,,fetch_problem,,no,no,403,,low_blocked_unless_feed,Blocked top page; useful only if alternate feed/API works.
CVX,Chevron Corporation,ir_press_releases,https://chevroncorp.gcs-web.com/news-releases,Official Chevron IR provider news-release archive with year filters; visible history reaches at least 2012.,yes,yes,yes,Primary investor/financial release source; use SEC/annual docs for 2010-2011 gaps if present.,https://chevroncorp.gcs-web.com/news-releases,no,,,,,"ReadTimeout: HTTPSConnectionPool(host='chevroncorp.gcs-web.com', port=443): Read timed out. (read timeout=8)",gcs_web,,no,no,,"ReadTimeout: HTTPSConnectionPool(host='chevroncorp.gcs-web.com', port=443): Read timed out. (read timeout=8)",low_recheck,Fetch failed or unstable.
CVX,Chevron Corporation,quarterly_results,https://chevroncorp.gcs-web.com/financial-information/quarterly-results,Official Chevron quarterly results archive with earnings releases and supplemental materials.,yes,yes,yes,Best source for earnings releases around Train/OOS split.,https://chevroncorp.gcs-web.com/financial-information/quarterly-results,yes,,,,,"ReadTimeout: HTTPSConnectionPool(host='chevroncorp.gcs-web.com', port=443): Read timed out. (read timeout=8)",gcs_web,,no,no,,"ReadTimeout: HTTPSConnectionPool(host='chevroncorp.gcs-web.com', port=443): Read timed out. (read timeout=8)",low_recheck,Fetch failed or unstable.
DIS,The Walt Disney Company,company_press_releases_archive,https://thewaltdisneycompany.com/press-releases/,Official Disney corporate press-release archive with dated full release pages.,yes,yes,no,Primary Disney company-news source.,https://thewaltdisneycompany.com/press-releases/,yes,200,https://thewaltdisneycompany.com/press-releases/,text/html; charset=UTF-8,Press Release Archives | The Walt Disney Company,,q4_or_q4_like,,no,no,404,,high_static_candidate,Accessible without JS; useful for static archive discovery.
DIS,The Walt Disney Company,events_presentations,https://investors.thewaltdisneycompany.com/events-and-presentations/default.aspx,Official Disney IR events and presentations archive with dated materials.,yes,yes,yes,Use for presentations/webcasts; filter by event date.,https://investors.thewaltdisneycompany.com/events-and-presentations/default.aspx,yes,403,https://investors.thewaltdisneycompany.com/events-and-presentations/default.aspx,text/html; charset=UTF-8,Just a moment...,,cloudflare_challenge,2015|2016|2017|2018|2019|2020|2021|2022|2023,yes,yes,200,,high_q4_feed,Public Q4 feed exposes dated archive years; crawler can ingest via q4 adapter.
DIS,The Walt Disney Company,ir_news_archive,https://investors.thewaltdisneycompany.com/news/default.aspx,Official Disney IR news archive with dated investor releases.,yes,yes,yes,Use for earnings/dividend/investor-specific releases; Q4 page may require JS for archive filters.,https://investors.thewaltdisneycompany.com/news/default.aspx,yes,200,https://investors.thewaltdisneycompany.com/news/default.aspx,text/html; charset=utf-8,The Walt Disney Company - News,,q4_or_q4_like,2015|2016|2017|2018|2019|2020|2021|2022|2023,yes,yes,200,,high_q4_feed,Public Q4 feed exposes dated archive years; crawler can ingest via q4 adapter.
DIS,The Walt Disney Company,quarterly_results,https://investors.thewaltdisneycompany.com/financials/quarterly-results/default.aspx,Official Disney quarterly results archive with earnings releases and financial materials.,yes,yes,yes,Best Disney earnings-results source.,https://investors.thewaltdisneycompany.com/financials/quarterly-results/default.aspx,yes,403,https://investors.thewaltdisneycompany.com/financials/quarterly-results/default.aspx,text/html; charset=UTF-8,Just a moment...,,cloudflare_challenge,2015|2016|2017|2018|2019|2020|2021|2022|2023,yes,yes,200,,high_q4_feed,Public Q4 feed exposes dated archive years; crawler can ingest via q4 adapter.
GS,The Goldman Sachs Group Inc.,annual_reports,https://www.goldmansachs.com/investor-relations/financials/annual-reports,Official Goldman Sachs annual reports archive with full annual-report documents.,yes,yes,no,Long-history annual-report source; useful for 2010-era coverage.,https://www.goldmansachs.com/investor-relations/financials/annual-reports,yes,200,https://www.goldmansachs.com/investor-relations/financials/annual-reports,text/html; charset=UTF-8,Annual Reports | Goldman Sachs,,static_html_or_custom,,no,no,404,,high_static_candidate,Accessible without JS; useful for static archive discovery.
GS,The Goldman Sachs Group Inc.,investor_presentations,https://www.goldmansachs.com/investor-relations/presentations,Official Goldman Sachs investor presentations archive with dated materials.,yes,yes,no,Use for investor day/conference materials and earnings context.,https://www.goldmansachs.com/investor-relations/presentations,yes,200,https://www.goldmansachs.com/investor-relations/presentations,text/html; charset=UTF-8,Presentations | Goldman Sachs,,static_html_or_custom,,no,no,404,,high_static_candidate,Accessible without JS; useful for static archive discovery.
GS,The Goldman Sachs Group Inc.,pressroom_archive,https://www.goldmansachs.com/pressroom,Official Goldman Sachs pressroom archive with dated releases and statements.,yes,yes,no,Primary company-news source.,https://www.goldmansachs.com/pressroom,no,200,https://www.goldmansachs.com/pressroom,text/html; charset=UTF-8,Pressroom | Goldman Sachs,,static_html_or_custom,,no,no,404,,medium_static_duplicate,Accessible without JS; useful for static archive discovery.
GS,The Goldman Sachs Group Inc.,quarterly_earnings_releases,https://www.goldmansachs.com/investor-relations/financials/quarterly-earnings-releases,Official Goldman Sachs quarterly earnings releases archive with dated full results releases.,yes,yes,no,Best GS earnings release source for Train/OOS windows.,https://www.goldmansachs.com/investor-relations/financials/quarterly-earnings-releases,no,200,https://www.goldmansachs.com/investor-relations/financials/quarterly-earnings-releases,text/html; charset=UTF-8,Quarterly Earnings Releases | Goldman Sachs,,static_html_or_custom,,no,no,404,,medium_static_duplicate,Accessible without JS; useful for static archive discovery.
HD,The Home Depot Inc.,annual_reports_archive,https://ir.homedepot.com/financial-reports/annual-reports/archive,Official Home Depot annual reports archive with full annual reports.,yes,yes,no,Full annual-report documents; useful back through 2010-era coverage.,https://ir.homedepot.com/financial-reports/annual-reports/archive,yes,200,https://ir.homedepot.com/financial-reports/annual-reports/archive,text/html; charset=utf-8,Annual Reports Archive | The Home Depot,,static_html_or_custom,,no,no,403,,high_static_candidate,Accessible without JS; useful for static archive discovery.
HD,The Home Depot Inc.,events_presentations,https://ir.homedepot.com/events-and-presentations,Official Home Depot IR events and presentations page with dated materials.,yes,yes,yes,Use for investor events and presentation PDFs.,https://ir.homedepot.com/events-and-presentations,yes,200,https://ir.homedepot.com/events-and-presentations,text/html; charset=utf-8,Events & Presentations | The Home Depot,,static_html_or_custom,,no,no,403,,medium_browser_or_vendor,Accessible but likely JS/vendor page; useful if adapter exists.
HD,The Home Depot Inc.,ir_news_releases_archive,https://ir.homedepot.com/news-releases/archive,Official Home Depot IR news-release archive; archive includes links back to 2010.,yes,yes,no,Strong long-history official release archive.,https://ir.homedepot.com/news-releases/archive,yes,200,https://ir.homedepot.com/news-releases/archive,text/html; charset=utf-8,News Releases archive | The Home Depot,,static_html_or_custom,,no,no,403,,high_static_candidate,Accessible without JS; useful for static archive discovery.
HD,The Home Depot Inc.,quarterly_earnings_archive,https://ir.homedepot.com/financial-reports/quarterly-earnings/archive,Official Home Depot quarterly earnings archive with dated releases and materials.,yes,yes,no,Best HD earnings-results source for Train/OOS split.,https://ir.homedepot.com/financial-reports/quarterly-earnings/archive,yes,200,https://ir.homedepot.com/financial-reports/quarterly-earnings/archive,text/html; charset=utf-8,Quarterly Earnings Archive | The Home Depot,,static_html_or_custom,,no,no,403,,high_static_candidate,Accessible without JS; useful for static archive discovery.
HON,Honeywell International Inc.,investor_events,https://investor.honeywell.com/events-and-presentations/events,Official Honeywell investor events archive with dated event pages.,yes,yes,yes,Use event pages and webcast dates for split alignment.,https://investor.honeywell.com/events-and-presentations/events,yes,,,,,"ReadTimeout: HTTPSConnectionPool(host='investor.honeywell.com', port=443): Read timed out. (read timeout=8)",fetch_problem,,no,no,,"ReadTimeout: HTTPSConnectionPool(host='investor.honeywell.com', port=443): Read timed out. (read timeout=8)",low_recheck,Fetch failed or unstable.
HON,Honeywell International Inc.,investor_presentations,https://investor.honeywell.com/events-and-presentations/presentations,Official Honeywell investor presentations archive; year filters include older presentation history.,yes,yes,yes,Use presentation PDFs/full text where available.,https://investor.honeywell.com/events-and-presentations/presentations,yes,200,https://investor.honeywell.com/events-and-presentations/presentations,text/html; charset=UTF-8,Presentations | Honeywell International Inc.,,gcs_web,,no,no,,"ReadTimeout: HTTPSConnectionPool(host='investor.honeywell.com', port=443): Read timed out. (read timeout=8)",medium_browser_or_vendor,Accessible but likely JS/vendor page; useful if adapter exists.
HON,Honeywell International Inc.,ir_press_releases,https://investor.honeywell.com/news-releases,Official Honeywell IR news-release archive with dated full release pages.,yes,yes,yes,Primary Honeywell investor/company release source.,https://investor.honeywell.com/news-releases,yes,,,,,"ReadTimeout: HTTPSConnectionPool(host='investor.honeywell.com', port=443): Read timed out. (read timeout=8)",fetch_problem,,no,no,,"ReadTimeout: HTTPSConnectionPool(host='investor.honeywell.com', port=443): Read timed out. (read timeout=8)",low_recheck,Fetch failed or unstable.
HON,Honeywell International Inc.,quarterly_results,https://investor.honeywell.com/financial-information/quarterly-results,Official Honeywell quarterly results archive with earnings releases and materials.,yes,yes,yes,Best Honeywell earnings-results source for Train/OOS windows.,https://investor.honeywell.com/financial-information/quarterly-results,yes,200,https://investor.honeywell.com/financial-information/quarterly-results,text/html; charset=UTF-8,Quarterly Results | Honeywell International Inc.,,gcs_web,,no,no,,"ReadTimeout: HTTPSConnectionPool(host='investor.honeywell.com', port=443): Read timed out. (read timeout=8)",medium_browser_or_vendor,Accessible but likely JS/vendor page; useful if adapter exists.
IBM,International Business Machines Corporation,company_newsroom_announcements,https://newsroom.ibm.com/announcements,Official IBM newsroom announcements archive with dated full-text release pages.,yes,yes,no,Primary IBM company-news archive.,https://newsroom.ibm.com/announcements,no,200,https://newsroom.ibm.com/announcements,text/html; charset=UTF-8,IBM - Announcements,,static_html_or_custom,,no,no,404,,medium_static_duplicate,Accessible without JS; useful for static archive discovery.
IBM,International Business Machines Corporation,financial_reporting,https://www.ibm.com/investor/financial-reporting,"Official IBM financial reporting hub with annual reports, quarterly earnings and filing links.",yes,yes,no,Use as financial-reporting hub and fallback for older documents.,https://www.ibm.com/investor/financial-reporting,yes,200,https://www.ibm.com/investor/financial-reporting,text/html;charset=utf-8,Financial Reporting - Investor Relations | IBM,,static_html_or_custom,,no,no,404,,high_static_candidate,Accessible without JS; useful for static archive discovery.
IBM,International Business Machines Corporation,investor_events_presentations,https://www.ibm.com/investor/events,Official IBM investor events page with dated webcasts and presentation materials.,yes,yes,no,Use for earnings calls and investor presentations.,https://www.ibm.com/investor/events,yes,200,https://www.ibm.com/investor/events,text/html;charset=utf-8,Events and Presentations - Investor Relations | IBM,,static_html_or_custom,,no,no,404,,high_static_candidate,Accessible without JS; useful for static archive discovery.
IBM,International Business Machines Corporation,quarterly_earnings,https://www.ibm.com/investor/financial-reporting/quarterly-earnings,"Official IBM quarterly earnings archive; includes dated releases and materials, with history back to at least 2008-2018 as well as recent years.",yes,yes,no,Strong long-history earnings source.,https://www.ibm.com/investor/financial-reporting/quarterly-earnings,no,200,https://www.ibm.com/investor/financial-reporting/quarterly-earnings,text/html;charset=utf-8,Quarterly Earnings Announcements | IBM,,static_html_or_custom,,no,no,404,,medium_static_duplicate,Accessible without JS; useful for static archive discovery.
INTC,Intel Corporation,annual_reports,https://www.intc.com/filings-reports/annual-reports,Official Intel annual reports archive with year filters extending back before 2010.,yes,yes,yes,Long-history annual-report source.,https://www.intc.com/filings-reports/annual-reports,yes,200,https://www.intc.com/filings-reports/annual-reports,text/html; charset=UTF-8,Annual Reports :: Intel Corporation (INTC),,static_html_or_custom,,no,no,404,,medium_browser_or_vendor,Accessible but likely JS/vendor page; useful if adapter exists.
INTC,Intel Corporation,financial_results,https://www.intc.com/financial-info/financial-results,"Official Intel financial results archive with dated earnings releases, presentations and webcasts.",yes,yes,yes,Best Intel earnings-results source for Train/OOS windows.,https://www.intc.com/financial-info/financial-results,yes,200,https://www.intc.com/financial-info/financial-results,text/html; charset=UTF-8,Financial Results :: Intel Corporation (INTC),,static_html_or_custom,,no,no,404,,medium_browser_or_vendor,Accessible but likely JS/vendor page; useful if adapter exists.
INTC,Intel Corporation,investor_presentations,https://www.intc.com/news-events/presentations,Official Intel investor presentation archive with dated materials.,yes,yes,yes,Use for investor presentations and event-related PDFs.,https://www.intc.com/news-events/presentations,yes,200,https://www.intc.com/news-events/presentations,text/html; charset=UTF-8,Presentations :: Intel Corporation (INTC),,quotemedia,,no,no,404,,medium_browser_or_vendor,Accessible but likely JS/vendor page; useful if adapter exists.
INTC,Intel Corporation,ir_press_releases,https://www.intc.com/news-events/press-releases,Official Intel IR press-release archive with dated full-text release pages.,yes,yes,yes,Primary Intel news/IR release source.,https://www.intc.com/news-events/press-releases,no,200,https://www.intc.com/news-events/press-releases,text/html; charset=UTF-8,Press Releases :: Intel Corporation (INTC),,quotemedia,,no,no,404,,medium_browser_or_vendor,Accessible but likely JS/vendor page; useful if adapter exists.
JNJ,Johnson & Johnson,company_press_releases,https://www.jnj.com/media-center/press-releases,Official Johnson & Johnson media-center press-release archive with dated full release pages.,yes,yes,no,Primary company-news source.,https://www.jnj.com/media-center/press-releases,no,200,https://www.jnj.com/media-center/press-releases,text/html,Site Maintenance,,static_html_or_custom,,no,no,,JSONDecodeError: Expecting value: line 1 column 1 (char 0),medium_static_duplicate,Accessible without JS; useful for static archive discovery.
JNJ,Johnson & Johnson,events_presentations,https://www.investor.jnj.com/events-and-presentations/default.aspx,Official J&J events and presentations archive with dated materials.,yes,yes,yes,Use for presentations and earnings/investor-event context.,https://www.investor.jnj.com/events-and-presentations/default.aspx,yes,403,https://www.investor.jnj.com/events-and-presentations/default.aspx,text/html; charset=UTF-8,Just a moment...,,cloudflare_challenge,2013|2014|2015|2016|2017|2018|2019|2020|2021|2022|2023,yes,yes,200,,high_q4_feed,Public Q4 feed exposes dated archive years; crawler can ingest via q4 adapter.
JNJ,Johnson & Johnson,ir_news,https://www.investor.jnj.com/investor-news/default.aspx,Official J&J IR news archive with dated investor releases.,yes,yes,yes,Use for investor/earnings-specific release pages.,https://www.investor.jnj.com/investor-news/default.aspx,yes,403,https://www.investor.jnj.com/investor-news/default.aspx,text/html; charset=UTF-8,Just a moment...,,cloudflare_challenge,2013|2014|2015|2016|2017|2018|2019|2020|2021|2022|2023,yes,yes,200,,high_q4_feed,Public Q4 feed exposes dated archive years; crawler can ingest via q4 adapter.
JNJ,Johnson & Johnson,quarterly_results,https://www.investor.jnj.com/financials/quarterly-results/default.aspx,Official J&J quarterly results archive with earnings releases and materials.,yes,yes,yes,Best J&J earnings-results source for Train/OOS windows.,https://www.investor.jnj.com/financials/quarterly-results/default.aspx,yes,403,https://www.investor.jnj.com/financials/quarterly-results/default.aspx,text/html; charset=UTF-8,Just a moment...,,cloudflare_challenge,2013|2014|2015|2016|2017|2018|2019|2020|2021|2022|2023,yes,yes,200,,high_q4_feed,Public Q4 feed exposes dated archive years; crawler can ingest via q4 adapter.
JPM,JPMorgan Chase & Co.,annual_report_archive,https://www.jpmorganchase.com/ir/annual-report,Official JPMorgan Chase annual report archive with full annual reports.,yes,yes,no,Useful annual full text for older Train-period context.,https://www.jpmorganchase.com/ir/annual-report,yes,200,https://www.jpmorganchase.com/ir/annual-report,text/html;charset=utf-8,Annual Report | JPMorganChase,,static_html_or_custom,,no,no,404,,high_static_candidate,Accessible without JS; useful for static archive discovery.
JPM,JPMorgan Chase & Co.,events_presentations,https://www.jpmorganchase.com/ir/events,Official JPMorgan Chase investor events page with dated presentations and webcasts.,yes,yes,no,Use event dates and linked materials for split alignment.,https://www.jpmorganchase.com/ir/events,yes,200,https://www.jpmorganchase.com/ir/events,text/html;charset=utf-8,Events | JPMorganChase,,static_html_or_custom,,no,no,404,,high_static_candidate,Accessible without JS; useful for static archive discovery.
JPM,JPMorgan Chase & Co.,ir_press_releases,https://www.jpmorganchase.com/ir/news,Official JPMorgan Chase IR news archive with dated full release pages.,yes,yes,no,Primary investor/news release source.,https://www.jpmorganchase.com/ir/news,yes,200,https://www.jpmorganchase.com/ir/news,text/html;charset=utf-8,Press Releases | JPMorganChase,,static_html_or_custom,,no,no,404,,high_static_candidate,Accessible without JS; useful for static archive discovery.
JPM,JPMorgan Chase & Co.,quarterly_earnings,https://www.jpmorganchase.com/ir/quarterly-earnings,Official JPMorgan Chase quarterly earnings page with dated results releases and presentations.,yes,yes,no,Best JPM earnings-results source for Train/OOS windows.,https://www.jpmorganchase.com/ir/quarterly-earnings,no,200,https://www.jpmorganchase.com/ir/quarterly-earnings,text/html;charset=utf-8,Quarterly Earnings | JPMorganChase,,static_html_or_custom,,no,no,404,,medium_static_duplicate,Accessible without JS; useful for static archive discovery.
KO,The Coca-Cola Company,annual_filings_10k,https://investors.coca-colacompany.com/filings-reports/annual-filings-10-k,Official Coca-Cola annual 10-K filing archive with full annual filing documents.,yes,yes,yes,Useful backfill for 2010-era annual data.,https://investors.coca-colacompany.com/filings-reports/annual-filings-10-k,yes,200,https://investors.coca-colacompany.com/filings-reports/annual-filings-10-k,text/html; charset=UTF-8,Annual Filings (10-K) :: The Coca-Cola Company (KO),,quotemedia,,no,no,404,,medium_duplicate_sec,"Official filings hub, but SEC EDGAR is already cleaner for PIT filing ingestion."
KO,The Coca-Cola Company,financial_information_earnings,https://investors.coca-colacompany.com/financial-information,Official Coca-Cola financial information/earnings archive with dated earnings releases and materials.,yes,yes,yes,Best KO earnings-results source for Train/OOS windows.,https://investors.coca-colacompany.com/financial-information,yes,200,https://investors.coca-colacompany.com/financial-information,text/html; charset=UTF-8,Financial Information :: The Coca-Cola Company (KO),,quotemedia,,no,no,404,,medium_browser_or_vendor,Accessible but likely JS/vendor page; useful if adapter exists.
KO,The Coca-Cola Company,ir_press_releases,https://investors.coca-colacompany.com/news-events/press-releases,Official Coca-Cola IR press-release archive with year filters from 2007 through current and dated release pages.,yes,yes,yes,Strong long-history official release archive.,https://investors.coca-colacompany.com/news-events/press-releases,no,200,https://investors.coca-colacompany.com/news-events/press-releases,text/html; charset=UTF-8,Press Releases :: The Coca-Cola Company (KO),,quotemedia,,no,no,404,,medium_browser_or_vendor,Accessible but likely JS/vendor page; useful if adapter exists.
KO,The Coca-Cola Company,past_events_presentations,https://investors.coca-colacompany.com/news-events/events/past,Official Coca-Cola past-events archive with dated webcasts and presentations.,yes,yes,yes,Use for investor-event and earnings-call materials.,https://investors.coca-colacompany.com/news-events/events/past,yes,200,https://investors.coca-colacompany.com/news-events/events/past,text/html; charset=UTF-8,Past Events :: The Coca-Cola Company (KO),,quotemedia,,no,no,404,,medium_browser_or_vendor,Accessible but likely JS/vendor page; useful if adapter exists.
MCD,McDonald's Corporation,investor_events_presentations,https://corporate.mcdonalds.com/corpmcd/investors/events-and-presentations.html,Official McDonald's investor events and presentations page with dated materials.,yes,yes,no,Use for investor day/conference presentations and earnings calls.,https://corporate.mcdonalds.com/corpmcd/investors/events-and-presentations.html,yes,200,https://corporate.mcdonalds.com/corpmcd/investors/events-and-presentations.html,text/html;charset=utf-8,Events & Presentations | McDonald’s Corporation,,static_html_or_custom,,no,no,404,,high_static_candidate,Accessible without JS; useful for static archive discovery.
MCD,McDonald's Corporation,investor_home,https://corporate.mcdonalds.com/corpmcd/investors.html,Official McDonald's investor relations hub with latest dated earnings/release links.,yes,yes,no,Hub/fallback; prefer MediaRoom and financial-information pages for archival extraction.,https://corporate.mcdonalds.com/corpmcd/investors.html,yes,200,https://corporate.mcdonalds.com/corpmcd/investors.html,text/html;charset=utf-8,"Investor Information, Services, and Relations | McDonald’s",,static_html_or_custom,,no,no,404,,high_static_candidate,Accessible without JS; useful for static archive discovery.
MCD,McDonald's Corporation,ir_financial_information,https://corporate.mcdonalds.com/corpmcd/investors/financial-information.html,Official McDonald's financial information hub with earnings and annual report materials.,yes,yes,no,Use for quarterly/annual financial materials; some linked PDFs/pages.,https://corporate.mcdonalds.com/corpmcd/investors/financial-information.html,yes,200,https://corporate.mcdonalds.com/corpmcd/investors/financial-information.html,text/html;charset=utf-8,Financial Information and Annual Reports | McDonald’s,,static_html_or_custom,,no,no,404,,high_static_candidate,Accessible without JS; useful for static archive discovery.
MCD,McDonald's Corporation,mediaroom_news_release_archive,https://mcdonalds.mediaroom.com/,Official McDonald's MediaRoom release archive with dated releases and older history back to 2000.,yes,yes,no,Strong long-history company-news source.,https://mcdonalds.mediaroom.com/,yes,200,https://mcdonalds.mediaroom.com/,text/html; charset=UTF-8,News Release Archive - News Releases,,static_html_or_custom,,no,no,404,,high_static_candidate,Accessible without JS; useful for static archive discovery.
MMM,3M Company,earnings_releases,https://investors.3m.com/news-events/earnings-releases,Official 3M earnings-release archive with dated earnings releases.,yes,yes,yes,Useful earnings-specific release feed; recent coverage strongest.,https://investors.3m.com/news-events/earnings-releases,yes,200,https://investors.3m.com/news-events/earnings-releases,text/html; charset=UTF-8,Earnings Releases :: 3M Company (MMM),,quotemedia,,no,no,404,,medium_browser_or_vendor,Accessible but likely JS/vendor page; useful if adapter exists.
MMM,3M Company,events_presentations,https://investors.3m.com/news-events/events-presentations,Official 3M events and presentations archive with dated investor-event materials.,yes,yes,yes,Use presentation PDFs and event dates.,https://investors.3m.com/news-events/events-presentations,yes,200,https://investors.3m.com/news-events/events-presentations,text/html; charset=UTF-8,Events &amp; Presentations :: 3M Company (MMM),,quotemedia,,no,no,404,,medium_browser_or_vendor,Accessible but likely JS/vendor page; useful if adapter exists.
MMM,3M Company,ir_press_releases,https://investors.3m.com/news-events/press-releases,Official 3M press-release archive with dated full release pages; visible filter currently covers 2021 onward.,yes,yes,yes,Good for OOS and recent Train years; use earnings/annual/SEC pages for older Train-period data.,https://investors.3m.com/news-events/press-releases,no,200,https://investors.3m.com/news-events/press-releases,text/html; charset=UTF-8,Press Releases :: 3M Company (MMM),,quotemedia,,no,no,404,,medium_browser_or_vendor,Accessible but likely JS/vendor page; useful if adapter exists.
MMM,3M Company,quarterly_earnings,https://investors.3m.com/financials/quarterly-earnings,Official 3M quarterly earnings page with financial-result materials.,yes,yes,yes,Best 3M earnings-results source; use linked release/detail pages.,https://investors.3m.com/financials/quarterly-earnings,no,200,https://investors.3m.com/financials/quarterly-earnings,text/html; charset=UTF-8,Quarterly Earnings :: 3M Company (MMM),,quotemedia,,no,no,404,,medium_browser_or_vendor,Accessible but likely JS/vendor page; useful if adapter exists.
MRK,Merck & Co. Inc.,company_newsroom,https://www.merck.com/news/,Official Merck & Co. newsroom/news archive with dated release pages.,yes,yes,no,Use Merck & Co. source; do not confuse with German Merck Group/Merck KGaA.,https://www.merck.com/news/,yes,404,https://www.merck.com/news/,text/html; charset=UTF-8,Page not found - Merck.com,,wordpress,,no,no,404,,low_recheck,Fetch failed or unstable.
MRK,Merck & Co. Inc.,events_presentations,https://www.merck.com/investor-relations/events-and-presentations/,Official Merck & Co. events and presentations page with dated investor materials.,yes,yes,no,Use presentation/event dates for split alignment.,https://www.merck.com/investor-relations/events-and-presentations/,yes,200,https://www.merck.com/investor-relations/events-and-presentations/,text/html; charset=UTF-8,Events &amp; presentations | Merck,,wordpress,,no,no,404,,high_static_candidate,Accessible without JS; useful for static archive discovery.
MRK,Merck & Co. Inc.,financial_information_earnings,https://www.merck.com/investor-relations/financial-information/,Official Merck & Co. financial information page; visible quarterly earnings archive includes years from 2010 through current.,yes,yes,no,Strong Merck earnings-results source for full Train/OOS split.,https://www.merck.com/investor-relations/financial-information/,yes,200,https://www.merck.com/investor-relations/financial-information/,text/html; charset=UTF-8,Financial information - Merck.com,,wordpress,,no,no,404,,high_static_candidate,Accessible without JS; useful for static archive discovery.
MRK,Merck & Co. Inc.,investor_relations_hub,https://www.merck.com/investor-relations/,"Official Merck & Co. investor relations hub linking financial information, presentations, SEC filings and annual reports.",yes,yes,no,Hub/fallback for official Merck financial and investor materials.,https://www.merck.com/investor-relations/,no,200,https://www.merck.com/investor-relations/,text/html; charset=UTF-8,Investor relations - Merck.com,,q4_or_q4_like,,no,no,404,,medium_static_duplicate,Accessible without JS; useful for static archive discovery.
MSFT,Microsoft Corporation,annual_reports,https://www.microsoft.com/en-us/investor/annual-reports,Official Microsoft annual reports archive with full reports from 2010-era through current.,yes,yes,no,Full annual-report documents; useful long-history supplement.,https://www.microsoft.com/en-us/investor/annual-reports,yes,200,https://www.microsoft.com/en-us/investor/annual-reports,text/html; charset=utf-8,Microsoft Investor Relations - Annual Reports,,q4_or_q4_like,,no,no,404,,high_static_candidate,Accessible without JS; useful for static archive discovery.
MSFT,Microsoft Corporation,earnings_financials_hub,https://www.microsoft.com/en-us/investor/investor-information,"Official Microsoft investor-information hub linking latest earnings release, SEC filings and investor materials.",yes,yes,no,Hub/fallback; use dated earnings pages for release text.,https://www.microsoft.com/en-us/investor/investor-information,yes,200,https://www.microsoft.com/en-us/investor/investor-information,text/html; charset=utf-8,Microsoft Investor Relations - Information for Investors,,q4_or_q4_like,,no,no,404,,high_static_candidate,Accessible without JS; useful for static archive discovery.
MSFT,Microsoft Corporation,earnings_release_page_pattern,https://www.microsoft.com/en-us/investor/earnings/fy-2023-q2/press-release-webcast,Official Microsoft dated earnings-release page; same URL pattern works for other fiscal years/quarters.,yes,yes,no,Use as a pattern source: /earnings/fy-YYYY-qN/press-release-webcast for quarterly releases.,https://www.microsoft.com/en-us/investor/earnings/fy-2023-q2/press-release-webcast,yes,200,https://www.microsoft.com/en-us/investor/earnings/fy-2023-q2/press-release-webcast,text/html; charset=utf-8,FY23 Q2 - Press Releases - Investor Relations - Microsoft,,static_html_or_custom,,no,no,404,,high_static_candidate,Accessible without JS; useful for static archive discovery.
MSFT,Microsoft Corporation,investor_events,https://www.microsoft.com/en-us/investor/events/default,Official Microsoft investor events page with dated past/upcoming events and earnings calls.,yes,yes,no,Use event dates and linked earnings files.,https://www.microsoft.com/en-us/investor/events/default,yes,200,https://www.microsoft.com/en-us/investor/events/default,text/html; charset=utf-8,Microsoft Investor Relations - Events,,q4_or_q4_like,,no,no,404,,high_static_candidate,Accessible without JS; useful for static archive discovery.
NKE,NIKE Inc.,annual_reports_sec_filings,https://investors.nike.com/investors/news-events-and-reports/default.aspx#annual-reports,"Official Nike annual reports/SEC filings sections within News, Events & Reports.",yes,yes,yes,Use full report/SEC detail pages for older Train-period coverage.,https://investors.nike.com/investors/news-events-and-reports/default.aspx,yes,403,https://investors.nike.com/investors/news-events-and-reports/default.aspx,text/html; charset=UTF-8,Just a moment...,,cloudflare_challenge,2010|2011|2012|2013|2014|2015|2016|2017|2018|2019|2020|2021|2022|2023,yes,yes,200,,medium_duplicate_sec,"Official filings hub, but SEC EDGAR is already cleaner for PIT filing ingestion."
NKE,NIKE Inc.,investor_news_details_archive,https://investors.nike.com/investors/news-events-and-reports/investor-news/investor-news-details/,Official Nike investor-news details archive area with dated full release pages.,yes,yes,yes,Use surfaced detail pages for stable full-text release URLs.,https://investors.nike.com/investors/news-events-and-reports/investor-news/investor-news-details/,yes,403,https://investors.nike.com/investors/news-events-and-reports/investor-news/investor-news-details/,text/html; charset=UTF-8,Just a moment...,,cloudflare_challenge,2010|2011|2012|2013|2014|2015|2016|2017|2018|2019|2020|2021|2022|2023,yes,yes,200,,high_q4_feed,Public Q4 feed exposes dated archive years; crawler can ingest via q4 adapter.
NKE,NIKE Inc.,ir_news_events_reports,https://investors.nike.com/investors/news-events-and-reports/default.aspx,"Official Nike News, Events & Reports page containing Investor News, Quarterly Earnings, Annual Reports, Events & Presentations and SEC Filings.",yes,yes,yes,Central official Nike archive hub; filters may require JS.,https://investors.nike.com/investors/news-events-and-reports/default.aspx,yes,403,https://investors.nike.com/investors/news-events-and-reports/default.aspx,text/html; charset=UTF-8,Just a moment...,,cloudflare_challenge,2010|2011|2012|2013|2014|2015|2016|2017|2018|2019|2020|2021|2022|2023,yes,yes,200,,high_q4_feed,Public Q4 feed exposes dated archive years; crawler can ingest via q4 adapter.
NKE,NIKE Inc.,quarterly_earnings_archive,https://investors.nike.com/investors/news-events-and-reports/default.aspx#quarterly-earnings,"Official Nike quarterly earnings section within News, Events & Reports; dated earnings releases and materials.",yes,yes,yes,Anchor/section source; scrape detail links from main page.,https://investors.nike.com/investors/news-events-and-reports/default.aspx,yes,403,https://investors.nike.com/investors/news-events-and-reports/default.aspx,text/html; charset=UTF-8,Just a moment...,,cloudflare_challenge,2010|2011|2012|2013|2014|2015|2016|2017|2018|2019|2020|2021|2022|2023,yes,yes,200,,high_q4_feed,Public Q4 feed exposes dated archive years; crawler can ingest via q4 adapter.
PG,The Procter & Gamble Company,annual_reports,https://www.pginvestor.com/financials/annual-reports/default.aspx,Official P&G annual reports archive with full annual reports from 2010 through current.,yes,yes,no,Strong long-history annual-report source.,https://www.pginvestor.com/financials/annual-reports/default.aspx,yes,200,https://www.pginvestor.com/financials/annual-reports/default.aspx,text/html; charset=utf-8,Financials - Annual Reports | Procter &amp; Gamble Investor Relations,,q4_or_q4_like,,no,no,200,,high_static_candidate,Accessible without JS; useful for static archive discovery.
PG,The Procter & Gamble Company,events_presentations,https://www.pginvestor.com/events-and-presentations/,"Official P&G events and presentations archive with dated earnings call, release and presentation links.",yes,yes,yes,Best P&G source for earnings-event materials.,https://www.pginvestor.com/events-and-presentations/,yes,200,https://www.pginvestor.com/events-and-presentations/,text/html; charset=utf-8,Events &amp; Presentations | Procter &amp; Gamble Investor Relations,,q4_or_q4_like,,no,no,200,,medium_browser_or_vendor,Accessible but likely JS/vendor page; useful if adapter exists.
PG,The Procter & Gamble Company,ir_news_archive,https://www.pginvestor.com/news/default.aspx,Official P&G investor news archive with dated release pages including earnings and dividend releases.,yes,yes,yes,Primary P&G investor-news source.,https://www.pginvestor.com/news/default.aspx,no,200,https://www.pginvestor.com/news/default.aspx,text/html; charset=utf-8,News | Procter &amp; Gamble Investor Relations,,q4_or_q4_like,,no,no,200,,medium_browser_or_vendor,Accessible but likely JS/vendor page; useful if adapter exists.
PG,The Procter & Gamble Company,sec_filings,https://www.pginvestor.com/financials/sec-filings/default.aspx,Official P&G SEC filings archive with dated filing documents.,yes,yes,yes,Useful for quarterly/annual filing backfill in Train period.,https://www.pginvestor.com/financials/sec-filings/default.aspx,yes,200,https://www.pginvestor.com/financials/sec-filings/default.aspx,text/html; charset=utf-8,Financials - SEC Filings | Procter &amp; Gamble Investor Relations,,q4_or_q4_like,,no,no,200,,medium_duplicate_sec,"Official filings hub, but SEC EDGAR is already cleaner for PIT filing ingestion."
TRV,The Travelers Companies Inc.,events_presentations,https://investor.travelers.com/events-and-presentations/default.aspx,Official Travelers events and presentations archive with dated earnings-call/event materials.,yes,yes,yes,Use presentation and event links; Q4 page may require JS for older archive filters.,https://investor.travelers.com/events-and-presentations/default.aspx,yes,200,https://investor.travelers.com/events-and-presentations/default.aspx,text/html; charset=utf-8,Travelers Investor Relations | Events &amp; Presentations,,q4_or_q4_like,2010|2011|2012|2013|2014|2015|2016|2017|2018|2019|2020|2021|2022|2023,yes,yes,200,,high_q4_feed,Public Q4 feed exposes dated archive years; crawler can ingest via q4 adapter.
TRV,The Travelers Companies Inc.,investor_home,https://investor.travelers.com/home/default.aspx,"Official Travelers IR hub with latest earnings release, presentation and financial links.",yes,yes,yes,Hub/fallback; prefer press releases and quarterly-results pages for archival extraction.,https://investor.travelers.com/home/default.aspx,yes,200,https://investor.travelers.com/home/default.aspx,text/html; charset=utf-8,Travelers Investor Relations | Home,,q4_or_q4_like,2010|2011|2012|2013|2014|2015|2016|2017|2018|2019|2020|2021|2022|2023,yes,yes,200,,high_q4_feed,Public Q4 feed exposes dated archive years; crawler can ingest via q4 adapter.
TRV,The Travelers Companies Inc.,press_releases,https://investor.travelers.com/newsroom/press-releases/default.aspx,Official Travelers investor newsroom press-release archive with dated full release pages.,yes,yes,yes,Primary Travelers press/earnings release source.,https://investor.travelers.com/newsroom/press-releases/default.aspx,no,200,https://investor.travelers.com/newsroom/press-releases/default.aspx,text/html; charset=utf-8,Travelers Investor Relations | Newsroom - Press Releases,,q4_or_q4_like,2010|2011|2012|2013|2014|2015|2016|2017|2018|2019|2020|2021|2022|2023,yes,yes,200,,high_q4_feed,Public Q4 feed exposes dated archive years; crawler can ingest via q4 adapter.
TRV,The Travelers Companies Inc.,quarterly_results,https://investor.travelers.com/financial-information/quarterly-results/default.aspx,Official Travelers quarterly results archive with earnings releases and financial materials.,yes,yes,yes,Best TRV earnings-results source for Train/OOS windows.,https://investor.travelers.com/financial-information/quarterly-results/default.aspx,no,200,https://investor.travelers.com/financial-information/quarterly-results/default.aspx,text/html; charset=utf-8,Travelers Investor Relations | Financial Information - Quarterly Results,,q4_or_q4_like,2010|2011|2012|2013|2014|2015|2016|2017|2018|2019|2020|2021|2022|2023,yes,yes,200,,high_q4_feed,Public Q4 feed exposes dated archive years; crawler can ingest via q4 adapter.
UNH,UnitedHealth Group Incorporated,company_press_releases,https://www.unitedhealthgroup.com/newsroom/press-releases.html,Official UnitedHealth Group press-release archive with dated full release pages.,yes,yes,no,Primary company/news source.,https://www.unitedhealthgroup.com/newsroom/press-releases.html,no,200,https://www.unitedhealthgroup.com/newsroom/press-releases.html,text/html;charset=utf-8,Press Releases - UnitedHealth Group,,static_html_or_custom,,no,no,,"ConnectionError: HTTPSConnectionPool(host='www.unitedhealthgroup.comsvc', port=443): Max retries exceeded with url: /getpressreleaseyearl",medium_static_duplicate,Accessible without JS; useful for static archive discovery.
UNH,UnitedHealth Group Incorporated,financial_reports,https://www.unitedhealthgroup.com/investors/financial-reports.html,Official UnitedHealth Group financial reports page with annual and quarterly materials; prior-to-2020 items linked through archive.,yes,yes,no,Best UNH financial-report source; combine with archive page for 2010-2019.,https://www.unitedhealthgroup.com/investors/financial-reports.html,no,200,https://www.unitedhealthgroup.com/investors/financial-reports.html,text/html;charset=utf-8,Financial & Earnings Reports - UnitedHealth Group,,static_html_or_custom,,no,no,,"ConnectionError: HTTPSConnectionPool(host='www.unitedhealthgroup.comsvc', port=443): Max retries exceeded with url: /getpressreleaseyearl",medium_static_duplicate,Accessible without JS; useful for static archive discovery.
UNH,UnitedHealth Group Incorporated,investor_archive,https://www.unitedhealthgroup.com/investors/archive.html,"Official UnitedHealth Group investor archive for older annual reports, quarterly releases and shareholder materials.",yes,yes,no,Important source for older Train-period coverage before 2020.,https://www.unitedhealthgroup.com/investors/archive.html,yes,200,https://www.unitedhealthgroup.com/investors/archive.html,text/html;charset=utf-8,Archive - UnitedHealth Group,,static_html_or_custom,,no,no,,"ConnectionError: HTTPSConnectionPool(host='www.unitedhealthgroup.comsvc', port=443): Max retries exceeded with url: /getpressreleaseyearl",high_static_candidate,Accessible without JS; useful for static archive discovery.
UNH,UnitedHealth Group Incorporated,investor_home,https://www.unitedhealthgroup.com/investors.html,"Official UnitedHealth Group investor hub linking earnings, releases and reports.",yes,yes,no,Hub/fallback for official IR materials.,https://www.unitedhealthgroup.com/investors.html,no,200,https://www.unitedhealthgroup.com/investors.html,text/html;charset=utf-8,Investor Information - UnitedHealth Group,,static_html_or_custom,,no,no,,"ConnectionError: HTTPSConnectionPool(host='www.unitedhealthgroup.comsvc', port=443): Max retries exceeded with url: /getpressreleaseyearl",medium_static_duplicate,Accessible without JS; useful for static archive discovery.
V,Visa Inc.,events_archive,https://investor.visa.com/events-calendar/events-archive/default.aspx,"Official Visa events archive with dated events, press releases and presentations.",yes,yes,yes,Use event dates and linked PDFs/webcasts.,https://investor.visa.com/events-calendar/events-archive/default.aspx,yes,403,https://investor.visa.com/events-calendar/events-archive/default.aspx,text/html; charset=UTF-8,Just a moment...,,cloudflare_challenge,2010|2011|2012|2013|2014|2015|2016|2017|2018|2019|2020|2021|2022|2023,yes,yes,200,,high_q4_feed,Public Q4 feed exposes dated archive years; crawler can ingest via q4 adapter.
V,Visa Inc.,ir_news_releases,https://investor.visa.com/news/default.aspx,Official Visa IR news-release archive with dated release pages.,yes,yes,yes,Primary Visa investor/news release source.,https://investor.visa.com/news/default.aspx,yes,200,https://investor.visa.com/news/default.aspx,text/html; charset=utf-8,Visa - News,,q4_or_q4_like,2010|2011|2012|2013|2014|2015|2016|2017|2018|2019|2020|2021|2022|2023,yes,yes,200,,high_q4_feed,Public Q4 feed exposes dated archive years; crawler can ingest via q4 adapter.
V,Visa Inc.,quarterly_earnings,https://investor.visa.com/financial-information/quarterly-earnings/,Official Visa quarterly earnings archive with dated earnings releases and materials.,yes,yes,yes,Best Visa earnings-results source for Train/OOS windows.,https://investor.visa.com/financial-information/quarterly-earnings/,yes,403,https://investor.visa.com/financial-information/quarterly-earnings/,text/html; charset=UTF-8,Just a moment...,,cloudflare_challenge,2010|2011|2012|2013|2014|2015|2016|2017|2018|2019|2020|2021|2022|2023,yes,yes,200,,high_q4_feed,Public Q4 feed exposes dated archive years; crawler can ingest via q4 adapter.
V,Visa Inc.,sec_filings,https://investor.visa.com/SEC-Filings/,Official Visa SEC filings archive with dated annual/quarterly/current filing documents.,yes,yes,yes,Useful for older Train-period financial filings.,https://investor.visa.com/SEC-Filings/,yes,403,https://investor.visa.com/SEC-Filings/,text/html; charset=UTF-8,Just a moment...,,cloudflare_challenge,2010|2011|2012|2013|2014|2015|2016|2017|2018|2019|2020|2021|2022|2023,yes,yes,200,,medium_duplicate_sec,"Official filings hub, but SEC EDGAR is already cleaner for PIT filing ingestion."
VZ,Verizon Communications Inc.,investor_news,https://www.verizon.com/about/investors/investor-news,Official Verizon investor-news archive with dated investor releases.,yes,yes,no,Use for financial/investor-specific releases.,https://www.verizon.com/about/investors/investor-news,yes,200,https://www.verizon.com/about/investors/investor-news,text/html; charset=utf-8,Current Investor News Stories | About Verizon,,static_html_or_custom,,no,no,,JSONDecodeError: Expecting value: line 1 column 1 (char 0),high_static_candidate,Accessible without JS; useful for static archive discovery.
VZ,Verizon Communications Inc.,investor_relations_hub,https://www.verizon.com/about/investors,"Official Verizon investor relations hub linking events, financial reporting and news.",yes,yes,no,Hub/fallback; prefer quarterly earnings and investor-news pages for extraction.,https://www.verizon.com/about/investors,yes,200,https://www.verizon.com/about/investors,text/html; charset=utf-8,Investor &amp; Shareholder Hub for News &amp; Events | About Verizon,,quotemedia,,no,no,,JSONDecodeError: Expecting value: line 1 column 1 (char 0),high_static_candidate,Accessible without JS; useful for static archive discovery.
VZ,Verizon Communications Inc.,press_releases,https://www.verizon.com/about/news/press-releases,Official Verizon press-release archive with dated full release pages.,yes,yes,no,Primary company-news source.,https://www.verizon.com/about/news/press-releases,no,200,https://www.verizon.com/about/news/press-releases,text/html,Press Releases | About Verizon,,static_html_or_custom,,no,no,,JSONDecodeError: Expecting value: line 1 column 1 (char 0),medium_static_duplicate,Accessible without JS; useful for static archive discovery.
VZ,Verizon Communications Inc.,quarterly_earnings,https://www.verizon.com/about/investors/quarterly-earnings,"Official Verizon quarterly earnings archive with dated earnings releases, webcasts and financial materials.",yes,yes,no,Best VZ earnings-results source for Train/OOS windows.,https://www.verizon.com/about/investors/quarterly-earnings,yes,200,https://www.verizon.com/about/investors/quarterly-earnings,text/html; charset=utf-8,Quarterly Earnings Conference Call Webcasts | About Verizon,,static_html_or_custom,,no,no,,JSONDecodeError: Expecting value: line 1 column 1 (char 0),high_static_candidate,Accessible without JS; useful for static archive discovery.
WMT,Walmart Inc.,annual_reports,https://stock.walmart.com/financial-information/annual-reports,Official Walmart annual reports archive with full annual reports.,yes,yes,yes,Full annual-report documents; useful long-history supplement.,https://stock.walmart.com/financial-information/annual-reports,yes,200,https://stock.walmart.com/financial-information/annual-reports,text/html; charset=UTF-8,Annual Reports :: Walmart Inc. (WMT),,quotemedia,,no,no,404,,medium_browser_or_vendor,Accessible but likely JS/vendor page; useful if adapter exists.
WMT,Walmart Inc.,corporate_news_archive,https://corporate.walmart.com/news,Official Walmart corporate news archive with dated company releases and posts.,yes,yes,no,Primary Walmart company-news source.,https://corporate.walmart.com/news,no,200,https://corporate.walmart.com/content/corporate/en_us/news.html,text/html;charset=utf-8,News,,q4_or_q4_like,,no,no,404,,medium_static_duplicate,Accessible without JS; useful for static archive discovery.
WMT,Walmart Inc.,financial_results,https://stock.walmart.com/financial-information/financial-results,"Official Walmart financial results archive with dated earnings releases, presentations, transcripts and HTML releases.",yes,yes,yes,Best Walmart earnings-results source for Train/OOS windows.,https://stock.walmart.com/financial-information/financial-results,no,200,https://stock.walmart.com/financial-information/financial-results,text/html; charset=UTF-8,Financial Results :: Walmart Inc. (WMT),,quotemedia,,no,no,404,,medium_browser_or_vendor,Accessible but likely JS/vendor page; useful if adapter exists.
WMT,Walmart Inc.,sec_quarterly_reports,https://stock.walmart.com/sec-filings/quarterly-reports,Official Walmart quarterly SEC reports archive with dated filing documents.,yes,yes,yes,Useful for quarterly filings and older Train-period backfill.,https://stock.walmart.com/sec-filings/quarterly-reports,yes,200,https://stock.walmart.com/sec-filings/quarterly-reports,text/html; charset=UTF-8,Quarterly Reports :: Walmart Inc. (WMT),,quotemedia,,no,no,404,,medium_duplicate_sec,"Official filings hub, but SEC EDGAR is already cleaner for PIT filing ingestion."
