ticker,company,source_type,url,coverage_note,has_dates,has_full_text,needs_js,_row_num,canonical_url,base_http_status,base_final_url,base_title,base_fetch_error,page_year_hits_2010_2021,archive_select_years_2010_2021,same_site_links_seen,historical_candidate_links_seen,sitemap_historical_links_seen,sample_verified_historical_fulltext,historical_coverage_grade,historical_coverage_note,sample_1_url,sample_1_status,sample_1_years,sample_1_full_text_like,sample_1_title,sample_2_url,sample_2_status,sample_2_years,sample_2_full_text_like,sample_2_title,sitemap_checked,checked_at
AAPL,Apple,company_news_archive,https://www.apple.com/newsroom/archive/,Apple official newsroom archive with dated release pages and full text,yes,yes,no,1,https://www.apple.com/newsroom/archive/,200,https://www.apple.com/newsroom/archive/,All Topics Archive - Apple,,40,2010|2011|2012|2013|2014|2015|2016|2017|2018|2019|2020|2021,177,0,0,0,historical_index_likely,"Page/index exposes 2010-2021 years or links, but sample full-text fetch was not confirmed.",,,,,,,,,,,https://www.apple.com/sitemap.xml:200 | https://www.apple.com/apple-news/:200 | https://www.apple.com/apple-news/publications/:200 | https://www.apple.com/feedback/apple-news/:200 | https://www.apple.com/feedback/compressor/:200 | https://www.apple.com/feedback/pages/:200 | https://www.apple.com/sitemap_index.xml:404 | https://www.apple.com/wp-sitemap.xml:404 | https://www.apple.com/post-sitemap.xml:404 | https://www.apple.com/news-sitemap.xml:404,2026-05-13T10:02:23Z
AAPL,Apple,investor_relations,https://investor.apple.com/,Apple investor relations page with investor updates and quarterly earnings links,yes,yes,yes,2,https://investor.apple.com/,200,https://investor.apple.com/investor-relations/default.aspx,Investor Relations - Apple,,6,2020,77,1,0,1,partial_historical_fulltext,Found at least one 2010-2021 historical item; needs pagination/deeper crawl check.,https://www.apple.com/newsroom/2020/02/investor-update-on-quarterly-guidance/,200,"2012,2020",yes,Investor update on quarterly guidance - Apple,,,,,,https://investor.apple.com/sitemap.xml:404 | https://investor.apple.com/sitemap_index.xml:404 | https://investor.apple.com/wp-sitemap.xml:404 | https://investor.apple.com/post-sitemap.xml:404 | https://investor.apple.com/news-sitemap.xml:404,2026-05-13T10:02:13Z
AAPL,Apple,earnings_results_archive,https://investor.apple.com/investor-relations/default.aspx,Apple IR page includes quarterly earnings reports and financial data,yes,yes,yes,3,https://investor.apple.com/investor-relations/default.aspx,200,https://investor.apple.com/investor-relations/default.aspx,Investor Relations - Apple,,6,2020,77,1,0,1,partial_historical_fulltext,Found at least one 2010-2021 historical item; needs pagination/deeper crawl check.,https://www.apple.com/newsroom/2020/02/investor-update-on-quarterly-guidance/,200,"2012,2020",yes,Investor update on quarterly guidance - Apple,,,,,,https://investor.apple.com/sitemap.xml:404 | https://investor.apple.com/sitemap_index.xml:404 | https://investor.apple.com/wp-sitemap.xml:404 | https://investor.apple.com/post-sitemap.xml:404 | https://investor.apple.com/news-sitemap.xml:404,2026-05-13T10:02:13Z
AMGN,Amgen,press_releases_archive,https://investors.amgen.com/news-and-events/press-releases/,Official Amgen investor press releases with dated full-text releases,yes,yes,no,4,https://investors.amgen.com/news-and-events/press-releases/,200,https://investors.amgen.com/news-and-events/press-releases/,Press Releases | Amgen Inc.,,5,,129,0,0,0,insufficient_historical_evidence,Accessible but no clear 2010-2021 archive evidence found from static HTML/sitemap.,,,,,,,,,,,https://investors.amgen.com/sitemap.xml:404 | https://investors.amgen.com/sitemap_index.xml:404 | https://investors.amgen.com/wp-sitemap.xml:404 | https://investors.amgen.com/post-sitemap.xml:404 | https://investors.amgen.com/news-sitemap.xml:404,2026-05-13T10:02:14Z
AMGN,Amgen,company_news_archive,https://www.amgen.com/newsroom/press-releases,Official Amgen newsroom press release archive,yes,yes,no,5,https://www.amgen.com/newsroom/press-releases,200,https://www.amgen.com/newsroom/press-releases,News | Amgen,,24,2010|2011|2012|2013|2014|2015|2016|2017|2018|2019|2020|2021,86,0,25,5,confirmed_historical_fulltext,Found and fetched multiple 2010-2021 historical full-text-like items.,https://www.amgen.com/newsroom/company-statements/amgen-response-in-support-of-the-2018-aha-acc-cholesterol-clinical-practice-guidelines,200,"2018,2020",yes,Amgen Response in Support of the 2018 AHA/ACC Cholesterol Clinical Practice Guidelines | Amgen,https://www.amgen.com/newsroom/company-statements/amgen-response-in-support-of-the-2019-esc-eas-guidelines-for-the-management-of-dyslipidaemias,200,"2019,2020",yes,Amgen Response in Support of the 2019 ESC/EAS Guidelines for the Management of Dyslipidaemias | Amgen,https://www.amgen.com/sitemap.xml:200 | https://www.amgen.com/newsroom:200 | https://www.amgen.com/sitemap:200 | https://www.amgen.com/error-page:200 | https://www.amgen.com/page-not-found:404 | https://www.amgen.com/newsroom/press-releases:200,2026-05-13T10:02:50Z
AMGN,Amgen,earnings_results_archive,https://investors.amgen.com/financials/quarterly-earnings/,Amgen quarterly earnings materials and results archive,yes,yes,yes,6,https://investors.amgen.com/financials/quarterly-earnings/,200,https://investors.amgen.com/financials/quarterly-earnings/,Quarterly Earnings | Amgen Inc.,,233,2016|2017|2018|2019|2020|2021,276,107,0,5,confirmed_historical_fulltext,Found and fetched multiple 2010-2021 historical full-text-like items.,https://investors.amgen.com/events/event-details/q4-2014-amgen-earnings-conference-call,200,"2014,2015,2020,2021",yes,Q4 2014 Amgen Earnings Conference Call | Amgen Inc.,https://investors.amgen.com/news-releases/news-release-details/amgens-2014-revenues-increased-7-percent-201-billion-and,200,"2013,2014,2015,2021",yes,Amgen&#039;s 2014 Revenues Increased 7 Percent To $20.1 Billion And Adjusted Earnings Per Share (EPS) Increased 14 Percent To $8.70 | Amgen Inc.,,2026-05-13T10:02:22Z
AMZN,Amazon,press_releases_archive,https://ir.aboutamazon.com/news-release/default.aspx,Amazon IR news release archive with dated earnings and company releases,yes,yes,yes,7,https://ir.aboutamazon.com/news-release/default.aspx,200,https://ir.aboutamazon.com/news-release/default.aspx,"Amazon.com, Inc. - News release",,0,,25,0,0,0,js_unknown_historical,Accessible page but initial HTML does not expose enough historical links; requires rendered/browser or vendor API check.,,,,,,,,,,,https://ir.aboutamazon.com/sitemap.xml:404 | https://ir.aboutamazon.com/sitemap_index.xml:404 | https://ir.aboutamazon.com/wp-sitemap.xml:404 | https://ir.aboutamazon.com/post-sitemap.xml:404 | https://ir.aboutamazon.com/news-sitemap.xml:404,2026-05-13T10:02:11Z
AMZN,Amazon,company_news_archive,https://www.aboutamazon.com/news/company-news,Amazon official company news archive with dated articles,yes,yes,no,8,https://www.aboutamazon.com/news/company-news,200,https://www.aboutamazon.com/news/company-news,Company news,,5,,165,0,0,0,insufficient_historical_evidence,Accessible but no clear 2010-2021 archive evidence found from static HTML/sitemap.,,,,,,,,,,,https://www.aboutamazon.com/sitemap.xml:200 | https://www.aboutamazon.com/sitemap-201503.xml:200 | https://www.aboutamazon.com/sitemap-201511.xml:200 | https://www.aboutamazon.com/sitemap-201512.xml:200 | https://www.aboutamazon.com/sitemap-201602.xml:200 | https://www.aboutamazon.com/sitemap-201603.xml:200 | https://www.aboutamazon.com/sitemap_index.xml:404 | https://www.aboutamazon.com/wp-sitemap.xml:404 | https://www.aboutamazon.com/post-sitemap.xml:404 | https://www.aboutamazon.com/news-sitemap.xml:200 | https://www.aboutamazon.com/news-sitemap-content.xml:200 | https://www.aboutamazon.com/news-sitemap-latest.xml:200,2026-05-13T10:02:20Z
AMZN,Amazon,earnings_results_archive,https://ir.aboutamazon.com/quarterly-results/default.aspx,Amazon quarterly results archive with earnings releases and financial materials,yes,yes,yes,9,https://ir.aboutamazon.com/quarterly-results/default.aspx,200,https://ir.aboutamazon.com/quarterly-results/default.aspx,"Amazon.com, Inc. - Quarterly results",,1,2020,25,0,0,0,historical_index_likely,"Page/index exposes 2010-2021 years or links, but sample full-text fetch was not confirmed.",,,,,,,,,,,https://ir.aboutamazon.com/sitemap.xml:404 | https://ir.aboutamazon.com/sitemap_index.xml:404 | https://ir.aboutamazon.com/wp-sitemap.xml:404 | https://ir.aboutamazon.com/post-sitemap.xml:404 | https://ir.aboutamazon.com/news-sitemap.xml:404,2026-05-13T10:02:13Z
AXP,American Express,press_releases_archive,https://ir.americanexpress.com/News/default.aspx,American Express IR news and press releases archive,yes,yes,yes,10,https://ir.americanexpress.com/News/default.aspx,200,https://ir.americanexpress.com/News/default.aspx,American Express Company - News,,0,,23,0,0,0,js_unknown_historical,Accessible page but initial HTML does not expose enough historical links; requires rendered/browser or vendor API check.,,,,,,,,,,,https://ir.americanexpress.com/sitemap.xml:404 | https://ir.americanexpress.com/sitemap_index.xml:404 | https://ir.americanexpress.com/wp-sitemap.xml:404 | https://ir.americanexpress.com/post-sitemap.xml:404 | https://ir.americanexpress.com/news-sitemap.xml:404,2026-05-13T10:02:17Z
AXP,American Express,company_news_archive,https://about.americanexpress.com/newsroom/default.aspx,American Express official newsroom archive,yes,yes,yes,11,https://about.americanexpress.com/newsroom/default.aspx,200,https://www.americanexpress.com/en-us/newsroom/,Amex Newsroom,,1,,3,0,0,0,js_unknown_historical,Accessible page but initial HTML does not expose enough historical links; requires rendered/browser or vendor API check.,,,,,,,,,,,https://www.americanexpress.com/sitemap.xml:404 | https://www.americanexpress.com/sitemap_index.xml:404 | https://www.americanexpress.com/wp-sitemap.xml:404 | https://www.americanexpress.com/post-sitemap.xml:404 | https://www.americanexpress.com/news-sitemap.xml:404,2026-05-13T10:02:25Z
AXP,American Express,earnings_results_archive,https://ir.americanexpress.com/financials/,American Express financials section with earnings and SEC filings,yes,yes,yes,12,https://ir.americanexpress.com/financials/,200,https://ir.americanexpress.com/financials/,American Express Company - Financials,,0,,23,0,0,0,js_unknown_historical,Accessible page but initial HTML does not expose enough historical links; requires rendered/browser or vendor API check.,,,,,,,,,,,https://ir.americanexpress.com/sitemap.xml:404 | https://ir.americanexpress.com/sitemap_index.xml:404 | https://ir.americanexpress.com/wp-sitemap.xml:404 | https://ir.americanexpress.com/post-sitemap.xml:404 | https://ir.americanexpress.com/news-sitemap.xml:404,2026-05-13T10:02:17Z
BA,Boeing,press_releases_archive,https://investors.boeing.com/investors/news/default.aspx,Boeing investor news archive with dated releases,yes,yes,yes,13,https://investors.boeing.com/investors/news/default.aspx,200,https://investors.boeing.com/investors/news/default.aspx,Boeing Company - Investors - News,,0,,55,0,0,0,js_unknown_historical,Accessible page but initial HTML does not expose enough historical links; requires rendered/browser or vendor API check.,,,,,,,,,,,https://investors.boeing.com/sitemap.xml:404 | https://investors.boeing.com/sitemap_index.xml:404 | https://investors.boeing.com/wp-sitemap.xml:404 | https://investors.boeing.com/post-sitemap.xml:404 | https://investors.boeing.com/news-sitemap.xml:404,2026-05-13T10:02:18Z
BA,Boeing,company_news_archive,https://boeing.mediaroom.com/news-releases-statements,Boeing official media room news releases and statements,yes,yes,no,14,https://boeing.mediaroom.com/news-releases-statements,200,https://boeing.mediaroom.com/news-releases-statements,News Releases | Boeing Newsroom,,25,2010|2011|2012|2013|2014|2015|2016|2017|2018|2019|2020|2021,50,0,0,0,historical_index_likely,"Page/index exposes 2010-2021 years or links, but sample full-text fetch was not confirmed.",,,,,,,,,,,https://boeing.mediaroom.com/sitemap.xml:404 | https://boeing.mediaroom.com/sitemap_index.xml:404 | https://boeing.mediaroom.com/wp-sitemap.xml:404 | https://boeing.mediaroom.com/post-sitemap.xml:404 | https://boeing.mediaroom.com/news-sitemap.xml:404,2026-05-13T10:02:21Z
BA,Boeing,earnings_results_archive,https://investors.boeing.com/investors/financial-reports/default.aspx,Boeing financial reports page with quarterly and annual results materials,yes,yes,yes,15,https://investors.boeing.com/investors/financial-reports/default.aspx,200,https://investors.boeing.com/investors/overview/default.aspx,Boeing Company - Investors - Overview,,0,,58,0,0,0,js_unknown_historical,Accessible page but initial HTML does not expose enough historical links; requires rendered/browser or vendor API check.,,,,,,,,,,,https://investors.boeing.com/sitemap.xml:404 | https://investors.boeing.com/sitemap_index.xml:404 | https://investors.boeing.com/wp-sitemap.xml:404 | https://investors.boeing.com/post-sitemap.xml:404 | https://investors.boeing.com/news-sitemap.xml:404,2026-05-13T10:02:20Z
CAT,Caterpillar,press_releases_archive,https://investors.caterpillar.com/news/default.aspx,Caterpillar investor news releases archive,yes,yes,yes,16,https://investors.caterpillar.com/news/default.aspx,200,https://www.caterpillar.com/en/news/,Caterpillar | News,,0,,124,0,25,5,confirmed_historical_fulltext,Found and fetched multiple 2010-2021 historical full-text-like items.,https://www.caterpillar.com/en/news/corporate-press-releases/h/caterpillar-highlights-innovative-solutions-for-its-customers-at-bauma-2013.html,200,"2011,2012,2013",yes,Caterpillar | Caterpillar Highlights Innovative Solutions for its Customers at bauma 2013,https://www.caterpillar.com/en/news/corporate-press-releases/h/caterpillar-highlights-strong-cash-flow-and-operational-performance-in-second-quarter-results-revises-2013-outlook.html,200,"2011,2012,2013,2014,2015",yes,"Caterpillar | Caterpillar Highlights Strong Cash Flow and Operational Performance in Second-Quarter Results, Revises 2013 Outlook",https://www.caterpillar.com/sitemap.xml:200 | https://www.caterpillar.com/sitemaps/sitemap_en.xml:200 | https://www.caterpillar.com/sitemaps/sitemap_de.xml:200 | https://www.caterpillar.com/sitemaps/sitemap_es.xml:200 | https://www.caterpillar.com/sitemaps/sitemap_fr.xml:200 | https://www.caterpillar.com/sitemaps/sitemap_hu.xml:200,2026-05-13T10:02:38Z
CAT,Caterpillar,company_news_archive,https://www.caterpillar.com/en/news/corporate-press-releases.html,Caterpillar corporate press releases archive,yes,yes,no,17,https://www.caterpillar.com/en/news/corporate-press-releases.html,200,https://www.caterpillar.com/en/news/corporate-press-releases.html,Caterpillar | Corporate Press Releases,,25,,121,0,25,5,confirmed_historical_fulltext,Found and fetched multiple 2010-2021 historical full-text-like items.,https://www.caterpillar.com/en/news/corporate-press-releases/h/caterpillar-highlights-innovative-solutions-for-its-customers-at-bauma-2013.html,200,"2011,2012,2013",yes,Caterpillar | Caterpillar Highlights Innovative Solutions for its Customers at bauma 2013,https://www.caterpillar.com/en/news/corporate-press-releases/h/caterpillar-highlights-strong-cash-flow-and-operational-performance-in-second-quarter-results-revises-2013-outlook.html,200,"2011,2012,2013,2014,2015",yes,"Caterpillar | Caterpillar Highlights Strong Cash Flow and Operational Performance in Second-Quarter Results, Revises 2013 Outlook",https://www.caterpillar.com/sitemap.xml:200 | https://www.caterpillar.com/sitemaps/sitemap_en.xml:200 | https://www.caterpillar.com/sitemaps/sitemap_de.xml:200 | https://www.caterpillar.com/sitemaps/sitemap_es.xml:200 | https://www.caterpillar.com/sitemaps/sitemap_fr.xml:200 | https://www.caterpillar.com/sitemaps/sitemap_hu.xml:200,2026-05-13T10:02:38Z
CAT,Caterpillar,earnings_results_archive,https://investors.caterpillar.com/financials/quarterly-results/default.aspx,Caterpillar quarterly results archive with dated releases and materials,yes,yes,yes,18,https://investors.caterpillar.com/financials/quarterly-results/default.aspx,200,https://investors.caterpillar.com/financials/quarterly-results/default.aspx,Caterpillar Inc. - Financials - Quarterly Results,,0,,35,0,0,0,js_unknown_historical,Accessible page but initial HTML does not expose enough historical links; requires rendered/browser or vendor API check.,,,,,,,,,,,https://investors.caterpillar.com/sitemap.xml:404 | https://investors.caterpillar.com/sitemap_index.xml:404 | https://investors.caterpillar.com/wp-sitemap.xml:404 | https://investors.caterpillar.com/post-sitemap.xml:404 | https://investors.caterpillar.com/news-sitemap.xml:404,2026-05-13T10:02:25Z
CRM,Salesforce,press_releases_archive,https://investor.salesforce.com/news/default.aspx,Salesforce investor news archive with earnings and corporate releases,yes,yes,yes,19,https://investor.salesforce.com/news/default.aspx,200,https://investor.salesforce.com/news/default.aspx,"Salesforce.com, Inc. - Investor News",,0,,84,0,0,0,js_unknown_historical,Accessible page but initial HTML does not expose enough historical links; requires rendered/browser or vendor API check.,,,,,,,,,,,https://investor.salesforce.com/sitemap.xml:404 | https://investor.salesforce.com/sitemap_index.xml:404 | https://investor.salesforce.com/wp-sitemap.xml:404 | https://investor.salesforce.com/post-sitemap.xml:404 | https://investor.salesforce.com/news-sitemap.xml:404,2026-05-13T10:02:26Z
CRM,Salesforce,investor_relations,https://investor.salesforce.com/overview/default.aspx,Salesforce official investor relations overview with links to news and financial materials,yes,yes,yes,20,https://investor.salesforce.com/overview/default.aspx,200,https://investor.salesforce.com/overview/default.aspx,"Salesforce.com, Inc. - Salesforce Investor Relations",,0,,91,0,0,0,js_unknown_historical,Accessible page but initial HTML does not expose enough historical links; requires rendered/browser or vendor API check.,,,,,,,,,,,https://investor.salesforce.com/sitemap.xml:404 | https://investor.salesforce.com/sitemap_index.xml:404 | https://investor.salesforce.com/wp-sitemap.xml:404 | https://investor.salesforce.com/post-sitemap.xml:404 | https://investor.salesforce.com/news-sitemap.xml:404,2026-05-13T10:02:26Z
CRM,Salesforce,earnings_results_archive,https://investor.salesforce.com/financials/quarterly-results/default.aspx,Salesforce quarterly results archive,yes,yes,yes,21,https://investor.salesforce.com/financials/quarterly-results/default.aspx,200,https://investor.salesforce.com/financials/quarterly-results/default.aspx,"Salesforce.com, Inc. - Financials - Quarterly Results",,35,2010|2015|2020,84,0,0,0,historical_index_likely,"Page/index exposes 2010-2021 years or links, but sample full-text fetch was not confirmed.",,,,,,,,,,,https://investor.salesforce.com/sitemap.xml:404 | https://investor.salesforce.com/sitemap_index.xml:404 | https://investor.salesforce.com/wp-sitemap.xml:404 | https://investor.salesforce.com/post-sitemap.xml:404 | https://investor.salesforce.com/news-sitemap.xml:404,2026-05-13T10:02:26Z
CSCO,Cisco,press_releases_archive,https://investor.cisco.com/news/default.aspx,Cisco investor news and press release archive,yes,yes,yes,22,https://investor.cisco.com/news/default.aspx,200,https://investor.cisco.com/news/default.aspx,Cisco Systems Inc. - News,,0,,28,0,0,0,js_unknown_historical,Accessible page but initial HTML does not expose enough historical links; requires rendered/browser or vendor API check.,,,,,,,,,,,https://investor.cisco.com/sitemap.xml:404 | https://investor.cisco.com/sitemap_index.xml:404 | https://investor.cisco.com/wp-sitemap.xml:404 | https://investor.cisco.com/post-sitemap.xml:404 | https://investor.cisco.com/news-sitemap.xml:404,2026-05-13T10:02:29Z
CSCO,Cisco,company_news_archive,https://newsroom.cisco.com/c/r/newsroom/en/us/press-releases.html,Cisco newsroom press releases archive,yes,yes,yes,23,https://newsroom.cisco.com/c/r/newsroom/en/us/press-releases.html,200,https://newsroom.cisco.com/c/r/newsroom/en/us/press-releases.html,Press Releases,,0,,43,0,0,0,js_unknown_historical,Accessible page but initial HTML does not expose enough historical links; requires rendered/browser or vendor API check.,,,,,,,,,,,https://newsroom.cisco.com/sitemap.xml:404 | https://newsroom.cisco.com/sitemap_index.xml:404 | https://newsroom.cisco.com/wp-sitemap.xml:404 | https://newsroom.cisco.com/post-sitemap.xml:404 | https://newsroom.cisco.com/news-sitemap.xml:404,2026-05-13T10:02:38Z
CSCO,Cisco,earnings_results_archive,https://investor.cisco.com/financials/quarterly-results/default.aspx,Cisco quarterly results archive with dated earnings materials,yes,yes,yes,24,https://investor.cisco.com/financials/quarterly-results/default.aspx,200,https://investor.cisco.com/financials/quarterly-results/default.aspx,Cisco Systems Inc. - Financials - Quarterly Results,,107,2015|2016|2017|2018|2019|2020|2021,27,0,0,0,historical_index_likely,"Page/index exposes 2010-2021 years or links, but sample full-text fetch was not confirmed.",,,,,,,,,,,https://investor.cisco.com/sitemap.xml:404 | https://investor.cisco.com/sitemap_index.xml:404 | https://investor.cisco.com/wp-sitemap.xml:404 | https://investor.cisco.com/post-sitemap.xml:404 | https://investor.cisco.com/news-sitemap.xml:404,2026-05-13T10:02:29Z
CVX,Chevron,company_news_archive,https://chevroncorp.gcs-web.com/news-releases,Chevron official investor-hosted news releases archive,yes,yes,yes,25,https://chevroncorp.gcs-web.com/news-releases,200,https://chevroncorp.gcs-web.com/news-releases,Press Releases | Chevron Corporation,,20,2012|2013|2014|2015|2016|2017|2018|2019|2020|2021,19,0,0,0,historical_index_likely,"Page/index exposes 2010-2021 years or links, but sample full-text fetch was not confirmed.",,,,,,,,,,,https://chevroncorp.gcs-web.com/sitemap.xml:404 | https://chevroncorp.gcs-web.com/sitemap_index.xml:404 | https://chevroncorp.gcs-web.com/wp-sitemap.xml:404 | https://chevroncorp.gcs-web.com/post-sitemap.xml:404 | https://chevroncorp.gcs-web.com/news-sitemap.xml:404,2026-05-13T10:02:32Z
CVX,Chevron,press_releases_archive,https://chevroncorp.gcs-web.com/news-releases,Chevron official investor-hosted press releases archive,yes,yes,yes,26,https://chevroncorp.gcs-web.com/news-releases,200,https://chevroncorp.gcs-web.com/news-releases,Press Releases | Chevron Corporation,,20,2012|2013|2014|2015|2016|2017|2018|2019|2020|2021,19,0,0,0,historical_index_likely,"Page/index exposes 2010-2021 years or links, but sample full-text fetch was not confirmed.",,,,,,,,,,,https://chevroncorp.gcs-web.com/sitemap.xml:404 | https://chevroncorp.gcs-web.com/sitemap_index.xml:404 | https://chevroncorp.gcs-web.com/wp-sitemap.xml:404 | https://chevroncorp.gcs-web.com/post-sitemap.xml:404 | https://chevroncorp.gcs-web.com/news-sitemap.xml:404,2026-05-13T10:02:32Z
CVX,Chevron,investor_relations,https://chevroncorp.gcs-web.com/,Chevron official investor overview with news releases and events,yes,yes,yes,27,https://chevroncorp.gcs-web.com/,200,https://chevroncorp.gcs-web.com/,Investor Overview | Chevron Corporation,,0,,6,0,0,0,js_unknown_historical,Accessible page but initial HTML does not expose enough historical links; requires rendered/browser or vendor API check.,,,,,,,,,,,https://chevroncorp.gcs-web.com/sitemap.xml:404 | https://chevroncorp.gcs-web.com/sitemap_index.xml:404 | https://chevroncorp.gcs-web.com/wp-sitemap.xml:404 | https://chevroncorp.gcs-web.com/post-sitemap.xml:404 | https://chevroncorp.gcs-web.com/news-sitemap.xml:404,2026-05-13T10:02:34Z
DIS,Walt Disney,company_news_archive,https://thewaltdisneycompany.com/news/,Disney official company news archive,yes,yes,no,28,https://thewaltdisneycompany.com/news/,200,https://thewaltdisneycompany.com/news/,News | The Walt Disney Company,,6,,40,0,25,5,confirmed_historical_fulltext,Found and fetched multiple 2010-2021 historical full-text-like items.,https://thewaltdisneycompany.com/news/disney-conservation-fund-celebrates-its-2019-heroes/,200,"2011,2012,2013,2015,2017,2018",yes,Disney Conservation Fund Celebrates its 2019 Heroes | The Walt Disney Company,https://thewaltdisneycompany.com/news/disney-stories-and-technology-shine-at-2019-grace-hopper-celebration-of-women-in-computing/,200,"2011,2012,2013,2019",yes,Disney Stories and Technology Shine at 2019 Grace Hopper Celebration of Women in Computing | The Walt Disney Company,https://thewaltdisneycompany.com/sitemap.xml:200 | https://thewaltdisneycompany.com/page-sitemap.xml:200 | https://thewaltdisneycompany.com/news-sitemap.xml:200 | https://thewaltdisneycompany.com/news-sitemap2.xml:200 | https://thewaltdisneycompany.com/news-sitemap3.xml:200 | https://thewaltdisneycompany.com/news-sitemap4.xml:200,2026-05-13T10:02:53Z
DIS,Walt Disney,investor_relations,https://thewaltdisneycompany.com/investor-relations/,Disney investor relations page with earnings and financial materials,yes,yes,yes,29,https://thewaltdisneycompany.com/investor-relations/,200,https://investors.thewaltdisneycompany.com/,The Walt Disney Company - Investor Relations,,0,,24,0,0,0,js_unknown_historical,Accessible page but initial HTML does not expose enough historical links; requires rendered/browser or vendor API check.,,,,,,,,,,,https://investors.thewaltdisneycompany.com/sitemap.xml:404 | https://investors.thewaltdisneycompany.com/sitemap_index.xml:404 | https://investors.thewaltdisneycompany.com/wp-sitemap.xml:404 | https://investors.thewaltdisneycompany.com/post-sitemap.xml:404 | https://investors.thewaltdisneycompany.com/news-sitemap.xml:404,2026-05-13T10:02:37Z
DIS,Walt Disney,earnings_results_archive,https://thewaltdisneycompany.com/investor-relations/#financials,Disney investor relations financials section for quarterly earnings materials,yes,yes,yes,30,https://thewaltdisneycompany.com/investor-relations/,200,https://investors.thewaltdisneycompany.com/,The Walt Disney Company - Investor Relations,,0,,24,0,0,0,js_unknown_historical,Accessible page but initial HTML does not expose enough historical links; requires rendered/browser or vendor API check.,,,,,,,,,,,https://investors.thewaltdisneycompany.com/sitemap.xml:404 | https://investors.thewaltdisneycompany.com/sitemap_index.xml:404 | https://investors.thewaltdisneycompany.com/wp-sitemap.xml:404 | https://investors.thewaltdisneycompany.com/post-sitemap.xml:404 | https://investors.thewaltdisneycompany.com/news-sitemap.xml:404,2026-05-13T10:02:37Z
GS,Goldman Sachs,company_news_archive,https://www.goldmansachs.com/pressroom,Goldman Sachs pressroom with dated press releases and updates,yes,yes,no,31,https://www.goldmansachs.com/pressroom,200,https://www.goldmansachs.com/pressroom,Pressroom | Goldman Sachs,,0,,20,0,25,5,confirmed_historical_fulltext,Found and fetched multiple 2010-2021 historical full-text-like items.,https://www.goldmansachs.com/pressroom/announcements/2010/letter-harpers-content,200,2010,yes,"Response to “The Food Bubble” by Fredrick Kaufman in Harper’s Magazine, Letter to the Editor, Harper’s Magazine, by Steve Strongin | Goldman Sachs",https://www.goldmansachs.com/pressroom/press-releases/2013/14-march-2013,200,2013,yes,Goldman Sachs Statement on Proposed Capital Actions | Goldman Sachs,https://www.goldmansachs.com/sitemap.xml:200 | https://www.goldmansachs.com/sitemap-1.xml:200,2026-05-13T10:02:51Z
GS,Goldman Sachs,press_releases_archive,https://www.goldmansachs.com/pressroom/,Goldman Sachs official pressroom and press releases archive,yes,yes,no,32,https://www.goldmansachs.com/pressroom/,200,https://www.goldmansachs.com/pressroom/,Pressroom | Goldman Sachs,,0,,21,0,25,5,confirmed_historical_fulltext,Found and fetched multiple 2010-2021 historical full-text-like items.,https://www.goldmansachs.com/pressroom/announcements/2010/letter-harpers-content,200,2010,yes,"Response to “The Food Bubble” by Fredrick Kaufman in Harper’s Magazine, Letter to the Editor, Harper’s Magazine, by Steve Strongin | Goldman Sachs",https://www.goldmansachs.com/pressroom/press-releases/2013/14-march-2013,200,2013,yes,Goldman Sachs Statement on Proposed Capital Actions | Goldman Sachs,https://www.goldmansachs.com/sitemap.xml:200 | https://www.goldmansachs.com/sitemap-1.xml:200,2026-05-13T10:02:51Z
GS,Goldman Sachs,earnings_results_archive,https://www.goldmansachs.com/investor-relations/financials/quarterly-earnings-releases,Goldman Sachs quarterly earnings release archive,yes,yes,no,33,https://www.goldmansachs.com/investor-relations/financials/quarterly-earnings-releases,200,https://www.goldmansachs.com/investor-relations/financials/quarterly-earnings-releases,Quarterly Earnings Releases | Goldman Sachs,,0,,17,0,25,5,confirmed_historical_fulltext,Found and fetched multiple 2010-2021 historical full-text-like items.,https://www.goldmansachs.com/pressroom/announcements/2010/letter-harpers-content,200,2010,yes,"Response to “The Food Bubble” by Fredrick Kaufman in Harper’s Magazine, Letter to the Editor, Harper’s Magazine, by Steve Strongin | Goldman Sachs",https://www.goldmansachs.com/pressroom/press-releases/2013/14-march-2013,200,2013,yes,Goldman Sachs Statement on Proposed Capital Actions | Goldman Sachs,https://www.goldmansachs.com/sitemap.xml:200 | https://www.goldmansachs.com/sitemap-1.xml:200,2026-05-13T10:02:51Z
HD,Home Depot,press_releases_archive,https://ir.homedepot.com/news-releases,Home Depot investor news releases archive,yes,yes,yes,34,https://ir.homedepot.com/news-releases,200,https://ir.homedepot.com/news-releases/2026,News Releases 2026 | The Home Depot,,10,,69,4,0,4,confirmed_historical_fulltext,Found and fetched multiple 2010-2021 historical full-text-like items.,https://ir.homedepot.com/news-releases/2019,200,"2019,2020,2021",yes,News Releases 2019 | The Home Depot,https://ir.homedepot.com/news-releases/2020,200,"2019,2020,2021",yes,News Releases 2020 | The Home Depot,,2026-05-13T10:02:43Z
HD,Home Depot,company_news_archive,https://corporate.homedepot.com/page/newsroom,Home Depot corporate newsroom archive,yes,yes,no,35,https://corporate.homedepot.com/page/newsroom,200,https://corporate.homedepot.com/page/newsroom,Newsroom | The Home Depot,,0,,47,0,0,0,insufficient_historical_evidence,Accessible but no clear 2010-2021 archive evidence found from static HTML/sitemap.,,,,,,,,,,,https://corporate.homedepot.com/sitemap.xml:404 | https://corporate.homedepot.com/sitemap_index.xml:404 | https://corporate.homedepot.com/wp-sitemap.xml:404 | https://corporate.homedepot.com/post-sitemap.xml:404 | https://corporate.homedepot.com/news-sitemap.xml:404,2026-05-13T10:02:44Z
HD,Home Depot,earnings_results_archive,https://ir.homedepot.com/financial-reports/quarterly-earnings,Home Depot quarterly earnings archive with years and materials,yes,yes,yes,36,https://ir.homedepot.com/financial-reports/quarterly-earnings,200,https://ir.homedepot.com/financial-reports/quarterly-earnings/2025,Quarterly Earnings 2025 | The Home Depot,,19,,71,6,0,5,confirmed_historical_fulltext,Found and fetched multiple 2010-2021 historical full-text-like items.,https://ir.homedepot.com/financial-reports/quarterly-earnings/2016,200,"2016,2017,2018,2019,2020,2021",yes,Quarterly Earnings 2016 | The Home Depot,https://ir.homedepot.com/financial-reports/quarterly-earnings/2017,200,"2016,2017,2018,2019,2020,2021",yes,Quarterly Earnings 2017 | The Home Depot,,2026-05-13T10:02:45Z
HON,Honeywell,press_releases_archive,https://www.honeywell.com/newsroom/pressreleases/?page=1,Honeywell official press and media archive with dated releases,yes,yes,no,37,https://www.honeywell.com/newsroom/pressreleases/?page=1,200,https://www.honeywell.com/us/en/press?page=1,Press &amp; Media | Honeywell,,2,,107,0,25,0,historical_index_likely,"Page/index exposes 2010-2021 years or links, but sample full-text fetch was not confirmed.",https://www.honeywell.com/us/en/news/featured-stories/2018/05/heat-detectors-vs-smoke-detectors-whats-the-difference,,2018,no,,https://www.honeywell.com/us/en/news/featured-stories/2019/01/dc-picking-workflow-provides-biggest-opportunity-for-improvement,,2019,no,,https://www.honeywell.com/sitemap.xml:200 | https://www.honeywell.com/us/en/company/quantum/news:200 | https://www.honeywell.com/us/en/company/our-communities/news:200 | https://www.honeywell.com/us/en/company/inclusion-and-engagement/news:ERR | https://www.honeywell.com/us/en/news:ERR | https://www.honeywell.com/us/en/news/featured-stories:ERR,2026-05-13T10:02:57Z
HON,Honeywell,company_news_archive,https://www.honeywell.com/us/en/news,Honeywell official news archive,yes,yes,no,38,https://www.honeywell.com/us/en/news,200,https://www.honeywell.com/us/en/news,News &amp; Insights | Honeywell,,2,,193,1,25,0,historical_index_likely,"Page/index exposes 2010-2021 years or links, but sample full-text fetch was not confirmed.",https://www.honeywell.com/us/en/news/featured-stories/2018/05/heat-detectors-vs-smoke-detectors-whats-the-difference,,2018,no,,https://www.honeywell.com/us/en/news/featured-stories/2019/01/dc-picking-workflow-provides-biggest-opportunity-for-improvement,,2019,no,,https://www.honeywell.com/sitemap.xml:200 | https://www.honeywell.com/us/en/company/quantum/news:200 | https://www.honeywell.com/us/en/company/our-communities/news:200 | https://www.honeywell.com/us/en/company/inclusion-and-engagement/news:ERR | https://www.honeywell.com/us/en/news:ERR | https://www.honeywell.com/us/en/news/featured-stories:ERR,2026-05-13T10:02:57Z
HON,Honeywell,earnings_results_archive,https://honeywell.gcs-web.com/financial-information/quarterly-results,Honeywell quarterly results archive with dated earnings releases and presentations,yes,yes,yes,39,https://honeywell.gcs-web.com/financial-information/quarterly-results,200,https://honeywell.gcs-web.com/financial-information/quarterly-results,Quarterly Results | Honeywell International Inc.,,55,2015,183,9,0,3,confirmed_historical_fulltext,Found and fetched multiple 2010-2021 historical full-text-like items.,https://honeywell.gcs-web.com/news-releases/news-release-details/honeywell-reports-full-year-2015-sales-386-billion-earnings-10,200,"2014,2015,2016",yes,Honeywell Reports Full-Year 2015 Sales Of $38.6 Billion; Earnings Up 10% To $6.10 | Honeywell International Inc.,https://honeywell.gcs-web.com/news-releases/news-release-details/honeywell-reports-first-quarter-2016-sales-95-billion-earnings-9,200,"2015,2016",yes,Honeywell Reports First Quarter 2016 Sales Of $9.5 Billion; Earnings Up 9% To $1.53 Per Share | Honeywell International Inc.,,2026-05-13T10:02:57Z
IBM,IBM,company_news_archive,https://newsroom.ibm.com/announcements,IBM newsroom announcements archive,yes,yes,no,40,https://newsroom.ibm.com/announcements,200,https://newsroom.ibm.com/announcements,IBM - Announcements,,11,2021,62,0,0,0,historical_index_likely,"Page/index exposes 2010-2021 years or links, but sample full-text fetch was not confirmed.",,,,,,,,,,,https://newsroom.ibm.com/sitemap.xml:404 | https://newsroom.ibm.com/sitemap_index.xml:404 | https://newsroom.ibm.com/wp-sitemap.xml:404 | https://newsroom.ibm.com/post-sitemap.xml:ERR | https://newsroom.ibm.com/news-sitemap.xml:ERR,2026-05-13T10:02:57Z
IBM,IBM,investor_relations,https://www.ibm.com/investor,IBM investor relations page with current earnings and investor articles,yes,yes,no,41,https://www.ibm.com/investor,200,https://www.ibm.com/investor,Investor Relations | IBM,,0,,59,0,0,0,insufficient_historical_evidence,Accessible but no clear 2010-2021 archive evidence found from static HTML/sitemap.,,,,,,,,,,,https://www.ibm.com/sitemap.xml:ERR | https://www.ibm.com/sitemap_index.xml:ERR | https://www.ibm.com/wp-sitemap.xml:ERR | https://www.ibm.com/post-sitemap.xml:ERR | https://www.ibm.com/news-sitemap.xml:ERR,2026-05-13T10:02:57Z
IBM,IBM,earnings_results_archive,https://www.ibm.com/investor/financial-reporting/quarterly-earnings,IBM quarterly earnings archive with historical press releases and prepared remarks,yes,yes,no,42,https://www.ibm.com/investor/financial-reporting/quarterly-earnings,,https://www.ibm.com/investor/financial-reporting/quarterly-earnings,,URLError: <urlopen error [WinError 10054] Удаленный хост принудительно разорвал существующее подключение>,0,,0,0,0,0,fetch_failed_check_manual,Base URL failed in urllib; may need curl/browser/cert fallback before judging history.,,,,,,,,,,,https://www.ibm.com/sitemap.xml:ERR | https://www.ibm.com/sitemap_index.xml:ERR | https://www.ibm.com/wp-sitemap.xml:ERR | https://www.ibm.com/post-sitemap.xml:ERR | https://www.ibm.com/news-sitemap.xml:ERR,2026-05-13T10:02:57Z
INTC,Intel,company_news_archive,https://www.intel.com/content/www/us/en/newsroom/home.html,Intel official newsroom archive with dated posts,yes,yes,no,43,https://www.intel.com/content/www/us/en/newsroom/home.html,,https://www.intel.com/content/www/us/en/newsroom/home.html,,URLError: <urlopen error [Errno 11001] getaddrinfo failed>,0,,0,0,0,0,fetch_failed_check_manual,Base URL failed in urllib; may need curl/browser/cert fallback before judging history.,,,,,,,,,,,https://www.intel.com/sitemap.xml:ERR | https://www.intel.com/sitemap_index.xml:ERR | https://www.intel.com/wp-sitemap.xml:ERR | https://www.intel.com/post-sitemap.xml:ERR | https://www.intel.com/news-sitemap.xml:ERR,2026-05-13T10:03:16Z
INTC,Intel,press_releases_archive,https://www.intc.com/news-events/press-releases,Intel investor press releases archive,yes,yes,yes,44,https://www.intc.com/news-events/press-releases,,https://www.intc.com/news-events/press-releases,,URLError: <urlopen error [WinError 10054] Удаленный хост принудительно разорвал существующее подключение>,0,,0,0,0,0,fetch_failed_check_manual,Base URL failed in urllib; may need curl/browser/cert fallback before judging history.,,,,,,,,,,,https://www.intc.com/sitemap.xml:ERR | https://www.intc.com/sitemap_index.xml:ERR | https://www.intc.com/wp-sitemap.xml:ERR | https://www.intc.com/post-sitemap.xml:ERR | https://www.intc.com/news-sitemap.xml:ERR,2026-05-13T10:03:04Z
INTC,Intel,earnings_results_archive,https://www.intc.com/news-events/press-releases?category=financial,Intel financial press releases and quarterly earnings results archive,yes,yes,yes,45,https://www.intc.com/news-events/press-releases?category=financial,,https://www.intc.com/news-events/press-releases?category=financial,,URLError: <urlopen error [Errno 11001] getaddrinfo failed>,0,,0,0,0,0,fetch_failed_check_manual,Base URL failed in urllib; may need curl/browser/cert fallback before judging history.,,,,,,,,,,,https://www.intc.com/sitemap.xml:ERR | https://www.intc.com/sitemap_index.xml:ERR | https://www.intc.com/wp-sitemap.xml:ERR | https://www.intc.com/post-sitemap.xml:ERR | https://www.intc.com/news-sitemap.xml:ERR,2026-05-13T10:03:19Z
JNJ,Johnson & Johnson,company_news_archive,https://www.jnj.com/media-center/press-releases,Johnson & Johnson official media center press releases,yes,yes,no,46,https://www.jnj.com/media-center/press-releases,,https://www.jnj.com/media-center/press-releases,,URLError: <urlopen error [Errno 11001] getaddrinfo failed>,0,,0,0,0,0,fetch_failed_check_manual,Base URL failed in urllib; may need curl/browser/cert fallback before judging history.,,,,,,,,,,,https://www.jnj.com/sitemap.xml:ERR | https://www.jnj.com/sitemap_index.xml:ERR | https://www.jnj.com/wp-sitemap.xml:ERR | https://www.jnj.com/post-sitemap.xml:ERR | https://www.jnj.com/news-sitemap.xml:ERR,2026-05-13T10:03:19Z
JNJ,Johnson & Johnson,press_releases_archive,https://www.jnj.com/media-center/press-releases/financial,Johnson & Johnson financial press releases archive,yes,yes,no,47,https://www.jnj.com/media-center/press-releases/financial,,https://www.jnj.com/media-center/press-releases/financial,,URLError: <urlopen error [Errno 11001] getaddrinfo failed>,0,,0,0,0,0,fetch_failed_check_manual,Base URL failed in urllib; may need curl/browser/cert fallback before judging history.,,,,,,,,,,,https://www.jnj.com/sitemap.xml:ERR | https://www.jnj.com/sitemap_index.xml:ERR | https://www.jnj.com/wp-sitemap.xml:ERR | https://www.jnj.com/post-sitemap.xml:ERR | https://www.jnj.com/news-sitemap.xml:ERR,2026-05-13T10:03:19Z
JNJ,Johnson & Johnson,earnings_results_archive,https://investor.jnj.com/financials/quarterly-results,Johnson & Johnson quarterly results archive,yes,yes,yes,48,https://investor.jnj.com/financials/quarterly-results,,https://investor.jnj.com/financials/quarterly-results,,URLError: <urlopen error [Errno 11001] getaddrinfo failed>,0,,0,0,0,0,fetch_failed_check_manual,Base URL failed in urllib; may need curl/browser/cert fallback before judging history.,,,,,,,,,,,https://investor.jnj.com/sitemap.xml:ERR | https://investor.jnj.com/sitemap_index.xml:ERR | https://investor.jnj.com/wp-sitemap.xml:ERR | https://investor.jnj.com/post-sitemap.xml:ERR | https://investor.jnj.com/news-sitemap.xml:ERR,2026-05-13T10:03:19Z
JPM,JPMorgan Chase,company_news_archive,https://www.jpmorganchase.com/newsroom/press-releases,JPMorgan Chase official newsroom press releases,yes,yes,no,49,https://www.jpmorganchase.com/newsroom/press-releases,,https://www.jpmorganchase.com/newsroom/press-releases,,URLError: <urlopen error [Errno 11001] getaddrinfo failed>,0,,0,0,0,0,fetch_failed_check_manual,Base URL failed in urllib; may need curl/browser/cert fallback before judging history.,,,,,,,,,,,https://www.jpmorganchase.com/sitemap.xml:ERR | https://www.jpmorganchase.com/sitemap_index.xml:ERR | https://www.jpmorganchase.com/wp-sitemap.xml:ERR | https://www.jpmorganchase.com/post-sitemap.xml:ERR | https://www.jpmorganchase.com/news-sitemap.xml:ERR,2026-05-13T10:03:19Z
JPM,JPMorgan Chase,investor_relations,https://www.jpmorganchase.com/ir,JPMorgan Chase investor relations page with press releases and filings,yes,yes,yes,50,https://www.jpmorganchase.com/ir,,https://www.jpmorganchase.com/ir,,URLError: <urlopen error [Errno 11001] getaddrinfo failed>,0,,0,0,0,0,fetch_failed_check_manual,Base URL failed in urllib; may need curl/browser/cert fallback before judging history.,,,,,,,,,,,https://www.jpmorganchase.com/sitemap.xml:ERR | https://www.jpmorganchase.com/sitemap_index.xml:ERR | https://www.jpmorganchase.com/wp-sitemap.xml:ERR | https://www.jpmorganchase.com/post-sitemap.xml:ERR | https://www.jpmorganchase.com/news-sitemap.xml:ERR,2026-05-13T10:03:19Z
JPM,JPMorgan Chase,earnings_results_archive,https://www.jpmorganchase.com/ir/quarterly-earnings,JPMorgan Chase quarterly earnings archive,yes,yes,yes,51,https://www.jpmorganchase.com/ir/quarterly-earnings,,https://www.jpmorganchase.com/ir/quarterly-earnings,,URLError: <urlopen error [Errno 11001] getaddrinfo failed>,0,,0,0,0,0,fetch_failed_check_manual,Base URL failed in urllib; may need curl/browser/cert fallback before judging history.,,,,,,,,,,,https://www.jpmorganchase.com/sitemap.xml:ERR | https://www.jpmorganchase.com/sitemap_index.xml:ERR | https://www.jpmorganchase.com/wp-sitemap.xml:ERR | https://www.jpmorganchase.com/post-sitemap.xml:ERR | https://www.jpmorganchase.com/news-sitemap.xml:ERR,2026-05-13T10:03:26Z
KO,Coca-Cola,company_news_archive,https://www.coca-colacompany.com/media-center,Coca-Cola official media center with company news,yes,yes,no,52,https://www.coca-colacompany.com/media-center,,https://www.coca-colacompany.com/media-center,,URLError: <urlopen error [Errno 11001] getaddrinfo failed>,0,,0,0,0,0,fetch_failed_check_manual,Base URL failed in urllib; may need curl/browser/cert fallback before judging history.,,,,,,,,,,,https://www.coca-colacompany.com/sitemap.xml:ERR | https://www.coca-colacompany.com/sitemap_index.xml:ERR | https://www.coca-colacompany.com/wp-sitemap.xml:ERR | https://www.coca-colacompany.com/post-sitemap.xml:ERR | https://www.coca-colacompany.com/news-sitemap.xml:ERR,2026-05-13T10:03:16Z
KO,Coca-Cola,press_releases_archive,https://investors.coca-colacompany.com/news-events/press-releases,Coca-Cola investor press releases archive,yes,yes,yes,53,https://investors.coca-colacompany.com/news-events/press-releases,,https://investors.coca-colacompany.com/news-events/press-releases,,URLError: <urlopen error [Errno 11001] getaddrinfo failed>,0,,0,0,0,0,fetch_failed_check_manual,Base URL failed in urllib; may need curl/browser/cert fallback before judging history.,,,,,,,,,,,https://investors.coca-colacompany.com/sitemap.xml:ERR | https://investors.coca-colacompany.com/sitemap_index.xml:ERR | https://investors.coca-colacompany.com/wp-sitemap.xml:ERR | https://investors.coca-colacompany.com/post-sitemap.xml:ERR | https://investors.coca-colacompany.com/news-sitemap.xml:ERR,2026-05-13T10:03:16Z
KO,Coca-Cola,earnings_results_archive,https://investors.coca-colacompany.com/news-events/press-releases?category=financial,Coca-Cola financial press releases and earnings results archive,yes,yes,yes,54,https://investors.coca-colacompany.com/news-events/press-releases?category=financial,,https://investors.coca-colacompany.com/news-events/press-releases?category=financial,,URLError: <urlopen error [Errno 11001] getaddrinfo failed>,0,,0,0,0,0,fetch_failed_check_manual,Base URL failed in urllib; may need curl/browser/cert fallback before judging history.,,,,,,,,,,,https://investors.coca-colacompany.com/sitemap.xml:ERR | https://investors.coca-colacompany.com/sitemap_index.xml:ERR | https://investors.coca-colacompany.com/wp-sitemap.xml:ERR | https://investors.coca-colacompany.com/post-sitemap.xml:ERR | https://investors.coca-colacompany.com/news-sitemap.xml:ERR,2026-05-13T10:03:16Z
MCD,McDonald's,company_news_archive,https://corporate.mcdonalds.com/corpmcd/en-us/CorpNewsroom.html,McDonald's official newsroom archive,yes,yes,yes,55,https://corporate.mcdonalds.com/corpmcd/en-us/CorpNewsroom.html,,https://corporate.mcdonalds.com/corpmcd/en-us/CorpNewsroom.html,,URLError: <urlopen error [Errno 11001] getaddrinfo failed>,0,,0,0,0,0,fetch_failed_check_manual,Base URL failed in urllib; may need curl/browser/cert fallback before judging history.,,,,,,,,,,,https://corporate.mcdonalds.com/sitemap.xml:ERR | https://corporate.mcdonalds.com/sitemap_index.xml:ERR | https://corporate.mcdonalds.com/wp-sitemap.xml:ERR | https://corporate.mcdonalds.com/post-sitemap.xml:ERR | https://corporate.mcdonalds.com/news-sitemap.xml:ERR,2026-05-13T10:03:16Z
MCD,McDonald's,press_releases_archive,https://investor.mcdonalds.com/news-releases,McDonald's investor news releases archive,yes,yes,yes,56,https://investor.mcdonalds.com/news-releases,,https://investor.mcdonalds.com/news-releases,,URLError: <urlopen error [WinError 10053] Программа на вашем хост-компьютере разорвала установленное подключение>,0,,0,0,0,0,fetch_failed_check_manual,Base URL failed in urllib; may need curl/browser/cert fallback before judging history.,,,,,,,,,,,https://investor.mcdonalds.com/sitemap.xml:ERR | https://investor.mcdonalds.com/sitemap_index.xml:ERR | https://investor.mcdonalds.com/wp-sitemap.xml:ERR | https://investor.mcdonalds.com/post-sitemap.xml:ERR | https://investor.mcdonalds.com/news-sitemap.xml:ERR,2026-05-13T10:03:16Z
MCD,McDonald's,earnings_results_archive,https://investor.mcdonalds.com/financial-information/quarterly-results/default.aspx,McDonald's quarterly results archive,yes,yes,yes,57,https://investor.mcdonalds.com/financial-information/quarterly-results/default.aspx,,https://investor.mcdonalds.com/financial-information/quarterly-results/default.aspx,,URLError: <urlopen error [WinError 10054] Удаленный хост принудительно разорвал существующее подключение>,0,,0,0,0,0,fetch_failed_check_manual,Base URL failed in urllib; may need curl/browser/cert fallback before judging history.,,,,,,,,,,,https://investor.mcdonalds.com/sitemap.xml:ERR | https://investor.mcdonalds.com/sitemap_index.xml:ERR | https://investor.mcdonalds.com/wp-sitemap.xml:ERR | https://investor.mcdonalds.com/post-sitemap.xml:ERR | https://investor.mcdonalds.com/news-sitemap.xml:ERR,2026-05-13T10:03:16Z
MMM,3M,company_news_archive,https://news.3m.com/press-releases,3M official newsroom press releases archive,yes,yes,no,58,https://news.3m.com/press-releases,,https://news.3m.com/press-releases,,URLError: <urlopen error [Errno 11001] getaddrinfo failed>,0,,0,0,0,0,fetch_failed_check_manual,Base URL failed in urllib; may need curl/browser/cert fallback before judging history.,,,,,,,,,,,https://news.3m.com/sitemap.xml:ERR | https://news.3m.com/sitemap_index.xml:ERR | https://news.3m.com/wp-sitemap.xml:ERR | https://news.3m.com/post-sitemap.xml:ERR | https://news.3m.com/news-sitemap.xml:ERR,2026-05-13T10:03:16Z
MMM,3M,press_releases_archive,https://investors.3m.com/news-events/press-releases,3M investor press releases archive,yes,yes,yes,59,https://investors.3m.com/news-events/press-releases,,https://investors.3m.com/news-events/press-releases,,URLError: <urlopen error [Errno 11001] getaddrinfo failed>,0,,0,0,0,0,fetch_failed_check_manual,Base URL failed in urllib; may need curl/browser/cert fallback before judging history.,,,,,,,,,,,https://investors.3m.com/sitemap.xml:ERR | https://investors.3m.com/sitemap_index.xml:ERR | https://investors.3m.com/wp-sitemap.xml:ERR | https://investors.3m.com/post-sitemap.xml:ERR | https://investors.3m.com/news-sitemap.xml:ERR,2026-05-13T10:03:16Z
MMM,3M,earnings_results_archive,https://investors.3m.com/financials/quarterly-earnings,3M quarterly earnings archive,yes,yes,yes,60,https://investors.3m.com/financials/quarterly-earnings,,https://investors.3m.com/financials/quarterly-earnings,,URLError: <urlopen error [Errno 11001] getaddrinfo failed>,0,,0,0,0,0,fetch_failed_check_manual,Base URL failed in urllib; may need curl/browser/cert fallback before judging history.,,,,,,,,,,,https://investors.3m.com/sitemap.xml:ERR | https://investors.3m.com/sitemap_index.xml:ERR | https://investors.3m.com/wp-sitemap.xml:ERR | https://investors.3m.com/post-sitemap.xml:ERR | https://investors.3m.com/news-sitemap.xml:ERR,2026-05-13T10:03:16Z
MRK,Merck,company_news_archive,https://www.merck.com/media/news/,Merck official news releases archive with dated company releases,yes,yes,no,61,https://www.merck.com/media/news/,,https://www.merck.com/media/news/,,URLError: <urlopen error [Errno 11001] getaddrinfo failed>,0,,0,0,0,0,fetch_failed_check_manual,Base URL failed in urllib; may need curl/browser/cert fallback before judging history.,,,,,,,,,,,https://www.merck.com/sitemap.xml:ERR | https://www.merck.com/sitemap_index.xml:ERR | https://www.merck.com/wp-sitemap.xml:ERR | https://www.merck.com/post-sitemap.xml:ERR | https://www.merck.com/news-sitemap.xml:ERR,2026-05-13T10:03:16Z
MRK,Merck,press_releases_archive,https://www.merck.com/newsroom/,Merck newsroom and media resources page,yes,yes,no,62,https://www.merck.com/newsroom/,,https://www.merck.com/newsroom/,,URLError: <urlopen error [Errno 11001] getaddrinfo failed>,0,,0,0,0,0,fetch_failed_check_manual,Base URL failed in urllib; may need curl/browser/cert fallback before judging history.,,,,,,,,,,,https://www.merck.com/sitemap.xml:ERR | https://www.merck.com/sitemap_index.xml:ERR | https://www.merck.com/wp-sitemap.xml:ERR | https://www.merck.com/post-sitemap.xml:ERR | https://www.merck.com/news-sitemap.xml:ERR,2026-05-13T10:03:16Z
MRK,Merck,earnings_results_archive,https://www.merck.com/investor-relations/,Merck investor relations page with quarterly earnings announcements and materials,yes,yes,yes,63,https://www.merck.com/investor-relations/,,https://www.merck.com/investor-relations/,,URLError: <urlopen error [Errno 11001] getaddrinfo failed>,0,,0,0,0,0,fetch_failed_check_manual,Base URL failed in urllib; may need curl/browser/cert fallback before judging history.,,,,,,,,,,,https://www.merck.com/sitemap.xml:ERR | https://www.merck.com/sitemap_index.xml:ERR | https://www.merck.com/wp-sitemap.xml:ERR | https://www.merck.com/post-sitemap.xml:ERR | https://www.merck.com/news-sitemap.xml:ERR,2026-05-13T10:03:16Z
MSFT,Microsoft,company_news_archive,https://news.microsoft.com/source/,Microsoft Source official news archive,yes,yes,no,64,https://news.microsoft.com/source/,,https://news.microsoft.com/source/,,URLError: <urlopen error [Errno 11001] getaddrinfo failed>,0,,0,0,0,0,fetch_failed_check_manual,Base URL failed in urllib; may need curl/browser/cert fallback before judging history.,,,,,,,,,,,https://news.microsoft.com/sitemap.xml:ERR | https://news.microsoft.com/sitemap_index.xml:ERR | https://news.microsoft.com/wp-sitemap.xml:ERR | https://news.microsoft.com/post-sitemap.xml:ERR | https://news.microsoft.com/news-sitemap.xml:ERR,2026-05-13T10:03:16Z
MSFT,Microsoft,press_releases_archive,https://news.microsoft.com/source/tag/press-releases/,Microsoft official press releases archive,yes,yes,no,65,https://news.microsoft.com/source/tag/press-releases/,,https://news.microsoft.com/source/tag/press-releases/,,URLError: <urlopen error [Errno 11001] getaddrinfo failed>,0,,0,0,0,0,fetch_failed_check_manual,Base URL failed in urllib; may need curl/browser/cert fallback before judging history.,,,,,,,,,,,https://news.microsoft.com/sitemap.xml:ERR | https://news.microsoft.com/sitemap_index.xml:ERR | https://news.microsoft.com/wp-sitemap.xml:ERR | https://news.microsoft.com/post-sitemap.xml:ERR | https://news.microsoft.com/news-sitemap.xml:ERR,2026-05-13T10:03:16Z
MSFT,Microsoft,earnings_results_archive,https://www.microsoft.com/en-us/Investor/earnings,Microsoft earnings archive with quarterly press releases and webcasts,yes,yes,no,66,https://www.microsoft.com/en-us/Investor/earnings,,https://www.microsoft.com/en-us/Investor/earnings,,URLError: <urlopen error [Errno 11001] getaddrinfo failed>,0,,0,0,0,0,fetch_failed_check_manual,Base URL failed in urllib; may need curl/browser/cert fallback before judging history.,,,,,,,,,,,https://www.microsoft.com/sitemap.xml:ERR | https://www.microsoft.com/sitemap_index.xml:ERR | https://www.microsoft.com/wp-sitemap.xml:ERR | https://www.microsoft.com/post-sitemap.xml:ERR | https://www.microsoft.com/news-sitemap.xml:ERR,2026-05-13T10:03:16Z
NKE,Nike,company_news_archive,https://news.nike.com/,Nike official news archive,yes,yes,no,67,https://news.nike.com/,,https://news.nike.com/,,URLError: <urlopen error [Errno 11001] getaddrinfo failed>,0,,0,0,0,0,fetch_failed_check_manual,Base URL failed in urllib; may need curl/browser/cert fallback before judging history.,,,,,,,,,,,https://news.nike.com/sitemap.xml:ERR | https://news.nike.com/sitemap_index.xml:ERR | https://news.nike.com/wp-sitemap.xml:ERR | https://news.nike.com/post-sitemap.xml:ERR | https://news.nike.com/news-sitemap.xml:ERR,2026-05-13T10:03:16Z
NKE,Nike,press_releases_archive,https://investors.nike.com/investors/news-events-and-reports/investor-news/default.aspx,Nike investor news releases archive,yes,yes,yes,68,https://investors.nike.com/investors/news-events-and-reports/investor-news/default.aspx,,https://investors.nike.com/investors/news-events-and-reports/investor-news/default.aspx,,URLError: <urlopen error [Errno 11001] getaddrinfo failed>,0,,0,0,0,0,fetch_failed_check_manual,Base URL failed in urllib; may need curl/browser/cert fallback before judging history.,,,,,,,,,,,https://investors.nike.com/sitemap.xml:ERR | https://investors.nike.com/sitemap_index.xml:ERR | https://investors.nike.com/wp-sitemap.xml:ERR | https://investors.nike.com/post-sitemap.xml:ERR | https://investors.nike.com/news-sitemap.xml:ERR,2026-05-13T10:03:16Z
NKE,Nike,earnings_results_archive,https://investors.nike.com/investors/news-events-and-reports/quarterly-earnings/default.aspx,Nike quarterly earnings and investor materials archive,yes,yes,yes,69,https://investors.nike.com/investors/news-events-and-reports/quarterly-earnings/default.aspx,,https://investors.nike.com/investors/news-events-and-reports/quarterly-earnings/default.aspx,,URLError: <urlopen error [Errno 11001] getaddrinfo failed>,0,,0,0,0,0,fetch_failed_check_manual,Base URL failed in urllib; may need curl/browser/cert fallback before judging history.,,,,,,,,,,,https://investors.nike.com/sitemap.xml:ERR | https://investors.nike.com/sitemap_index.xml:ERR | https://investors.nike.com/wp-sitemap.xml:ERR | https://investors.nike.com/post-sitemap.xml:ERR | https://investors.nike.com/news-sitemap.xml:ERR,2026-05-13T10:03:16Z
PG,Procter & Gamble,company_news_archive,https://news.pg.com/news-releases,P&G official news releases archive,yes,yes,no,70,https://news.pg.com/news-releases,,https://news.pg.com/news-releases,,URLError: <urlopen error [Errno 11001] getaddrinfo failed>,0,,0,0,0,0,fetch_failed_check_manual,Base URL failed in urllib; may need curl/browser/cert fallback before judging history.,,,,,,,,,,,https://news.pg.com/sitemap.xml:ERR | https://news.pg.com/sitemap_index.xml:ERR | https://news.pg.com/wp-sitemap.xml:ERR | https://news.pg.com/post-sitemap.xml:ERR | https://news.pg.com/news-sitemap.xml:ERR,2026-05-13T10:03:16Z
PG,Procter & Gamble,press_releases_archive,https://www.pginvestor.com/news/default.aspx,P&G investor news releases archive,yes,yes,yes,71,https://www.pginvestor.com/news/default.aspx,,https://www.pginvestor.com/news/default.aspx,,URLError: <urlopen error [Errno 11001] getaddrinfo failed>,0,,0,0,0,0,fetch_failed_check_manual,Base URL failed in urllib; may need curl/browser/cert fallback before judging history.,,,,,,,,,,,https://www.pginvestor.com/sitemap.xml:ERR | https://www.pginvestor.com/sitemap_index.xml:ERR | https://www.pginvestor.com/wp-sitemap.xml:ERR | https://www.pginvestor.com/post-sitemap.xml:ERR | https://www.pginvestor.com/news-sitemap.xml:ERR,2026-05-13T10:03:16Z
PG,Procter & Gamble,earnings_results_archive,https://www.pginvestor.com/news/default.aspx?category=financial,P&G financial news and quarterly results archive,yes,yes,yes,72,https://www.pginvestor.com/news/default.aspx?category=financial,,https://www.pginvestor.com/news/default.aspx?category=financial,,URLError: <urlopen error [Errno 11001] getaddrinfo failed>,0,,0,0,0,0,fetch_failed_check_manual,Base URL failed in urllib; may need curl/browser/cert fallback before judging history.,,,,,,,,,,,https://www.pginvestor.com/sitemap.xml:ERR | https://www.pginvestor.com/sitemap_index.xml:ERR | https://www.pginvestor.com/wp-sitemap.xml:ERR | https://www.pginvestor.com/post-sitemap.xml:ERR | https://www.pginvestor.com/news-sitemap.xml:ERR,2026-05-13T10:03:16Z
TRV,Travelers,press_releases_archive,https://investor.travelers.com/newsroom/press-releases/default.aspx,Travelers investor press releases archive,yes,yes,yes,73,https://investor.travelers.com/newsroom/press-releases/default.aspx,,https://investor.travelers.com/newsroom/press-releases/default.aspx,,URLError: <urlopen error [Errno 11001] getaddrinfo failed>,0,,0,0,0,0,fetch_failed_check_manual,Base URL failed in urllib; may need curl/browser/cert fallback before judging history.,,,,,,,,,,,https://investor.travelers.com/sitemap.xml:ERR | https://investor.travelers.com/sitemap_index.xml:ERR | https://investor.travelers.com/wp-sitemap.xml:ERR | https://investor.travelers.com/post-sitemap.xml:ERR | https://investor.travelers.com/news-sitemap.xml:ERR,2026-05-13T10:03:16Z
TRV,Travelers,company_news_archive,https://investor.travelers.com/newsroom/newsroom-overview/default.aspx,Travelers newsroom overview with press releases,yes,yes,yes,74,https://investor.travelers.com/newsroom/newsroom-overview/default.aspx,,https://investor.travelers.com/newsroom/newsroom-overview/default.aspx,,URLError: <urlopen error [Errno 11001] getaddrinfo failed>,0,,0,0,0,0,fetch_failed_check_manual,Base URL failed in urllib; may need curl/browser/cert fallback before judging history.,,,,,,,,,,,https://investor.travelers.com/sitemap.xml:ERR | https://investor.travelers.com/sitemap_index.xml:ERR | https://investor.travelers.com/wp-sitemap.xml:ERR | https://investor.travelers.com/post-sitemap.xml:ERR | https://investor.travelers.com/news-sitemap.xml:ERR,2026-05-13T10:03:16Z
TRV,Travelers,earnings_results_archive,https://investor.travelers.com/financial-information/quarterly-results/default.aspx,Travelers quarterly results archive,yes,yes,yes,75,https://investor.travelers.com/financial-information/quarterly-results/default.aspx,,https://investor.travelers.com/financial-information/quarterly-results/default.aspx,,URLError: <urlopen error [Errno 11001] getaddrinfo failed>,0,,0,0,0,0,fetch_failed_check_manual,Base URL failed in urllib; may need curl/browser/cert fallback before judging history.,,,,,,,,,,,https://investor.travelers.com/sitemap.xml:ERR | https://investor.travelers.com/sitemap_index.xml:ERR | https://investor.travelers.com/wp-sitemap.xml:ERR | https://investor.travelers.com/post-sitemap.xml:ERR | https://investor.travelers.com/news-sitemap.xml:ERR,2026-05-13T10:03:16Z
UNH,UnitedHealth Group,press_releases_archive,https://www.unitedhealthgroup.com/newsroom/press-releases.html,UnitedHealth Group press releases archive with dated release pages,yes,yes,no,76,https://www.unitedhealthgroup.com/newsroom/press-releases.html,,https://www.unitedhealthgroup.com/newsroom/press-releases.html,,URLError: <urlopen error [Errno 11001] getaddrinfo failed>,0,,0,0,0,0,fetch_failed_check_manual,Base URL failed in urllib; may need curl/browser/cert fallback before judging history.,,,,,,,,,,,https://www.unitedhealthgroup.com/sitemap.xml:ERR | https://www.unitedhealthgroup.com/sitemap_index.xml:ERR | https://www.unitedhealthgroup.com/wp-sitemap.xml:ERR | https://www.unitedhealthgroup.com/post-sitemap.xml:ERR | https://www.unitedhealthgroup.com/news-sitemap.xml:ERR,2026-05-13T10:03:16Z
UNH,UnitedHealth Group,investor_relations,https://www.unitedhealthgroup.com/investors.html,UnitedHealth Group investor relations page,yes,yes,yes,77,https://www.unitedhealthgroup.com/investors.html,,https://www.unitedhealthgroup.com/investors.html,,URLError: <urlopen error [Errno 11001] getaddrinfo failed>,0,,0,0,0,0,fetch_failed_check_manual,Base URL failed in urllib; may need curl/browser/cert fallback before judging history.,,,,,,,,,,,https://www.unitedhealthgroup.com/sitemap.xml:ERR | https://www.unitedhealthgroup.com/sitemap_index.xml:ERR | https://www.unitedhealthgroup.com/wp-sitemap.xml:ERR | https://www.unitedhealthgroup.com/post-sitemap.xml:ERR | https://www.unitedhealthgroup.com/news-sitemap.xml:ERR,2026-05-13T10:03:16Z
UNH,UnitedHealth Group,earnings_results_archive,https://www.unitedhealthgroup.com/investors/financial-reports.html,UnitedHealth Group financial reports and earnings materials page,yes,yes,yes,78,https://www.unitedhealthgroup.com/investors/financial-reports.html,,https://www.unitedhealthgroup.com/investors/financial-reports.html,,URLError: <urlopen error [Errno 11001] getaddrinfo failed>,0,,0,0,0,0,fetch_failed_check_manual,Base URL failed in urllib; may need curl/browser/cert fallback before judging history.,,,,,,,,,,,https://www.unitedhealthgroup.com/sitemap.xml:ERR | https://www.unitedhealthgroup.com/sitemap_index.xml:ERR | https://www.unitedhealthgroup.com/wp-sitemap.xml:ERR | https://www.unitedhealthgroup.com/post-sitemap.xml:ERR | https://www.unitedhealthgroup.com/news-sitemap.xml:ERR,2026-05-13T10:03:16Z
V,Visa,company_news_archive,https://corporate.visa.com/en/sites/visa-perspectives/newsroom.html,Visa corporate newsroom archive,yes,yes,no,79,https://corporate.visa.com/en/sites/visa-perspectives/newsroom.html,,https://corporate.visa.com/en/sites/visa-perspectives/newsroom.html,,URLError: <urlopen error [Errno 11001] getaddrinfo failed>,0,,0,0,0,0,fetch_failed_check_manual,Base URL failed in urllib; may need curl/browser/cert fallback before judging history.,,,,,,,,,,,https://corporate.visa.com/sitemap.xml:ERR | https://corporate.visa.com/sitemap_index.xml:ERR | https://corporate.visa.com/wp-sitemap.xml:ERR | https://corporate.visa.com/post-sitemap.xml:ERR | https://corporate.visa.com/news-sitemap.xml:ERR,2026-05-13T10:03:16Z
V,Visa,press_releases_archive,https://usa.visa.com/about-visa/newsroom/press-releases.html,Visa official press releases archive,yes,yes,no,80,https://usa.visa.com/about-visa/newsroom/press-releases.html,,https://usa.visa.com/about-visa/newsroom/press-releases.html,,URLError: <urlopen error [Errno 11001] getaddrinfo failed>,0,,0,0,0,0,fetch_failed_check_manual,Base URL failed in urllib; may need curl/browser/cert fallback before judging history.,,,,,,,,,,,https://usa.visa.com/sitemap.xml:ERR | https://usa.visa.com/sitemap_index.xml:ERR | https://usa.visa.com/wp-sitemap.xml:ERR | https://usa.visa.com/post-sitemap.xml:ERR | https://usa.visa.com/news-sitemap.xml:ERR,2026-05-13T10:03:16Z
V,Visa,earnings_results_archive,https://investor.visa.com/financial-information/quarterly-earnings/default.aspx,Visa quarterly earnings archive,yes,yes,yes,81,https://investor.visa.com/financial-information/quarterly-earnings/default.aspx,,https://investor.visa.com/financial-information/quarterly-earnings/default.aspx,,URLError: <urlopen error [Errno 11001] getaddrinfo failed>,0,,0,0,0,0,fetch_failed_check_manual,Base URL failed in urllib; may need curl/browser/cert fallback before judging history.,,,,,,,,,,,https://investor.visa.com/sitemap.xml:ERR | https://investor.visa.com/sitemap_index.xml:ERR | https://investor.visa.com/wp-sitemap.xml:ERR | https://investor.visa.com/post-sitemap.xml:ERR | https://investor.visa.com/news-sitemap.xml:ERR,2026-05-13T10:03:16Z
VZ,Verizon,company_news_archive,https://www.verizon.com/about/news,Verizon official news archive,yes,yes,no,82,https://www.verizon.com/about/news,,https://www.verizon.com/about/news,,URLError: <urlopen error [Errno 11001] getaddrinfo failed>,0,,0,0,0,0,fetch_failed_check_manual,Base URL failed in urllib; may need curl/browser/cert fallback before judging history.,,,,,,,,,,,https://www.verizon.com/sitemap.xml:ERR | https://www.verizon.com/sitemap_index.xml:ERR | https://www.verizon.com/wp-sitemap.xml:ERR | https://www.verizon.com/post-sitemap.xml:ERR | https://www.verizon.com/news-sitemap.xml:ERR,2026-05-13T10:03:16Z
VZ,Verizon,press_releases_archive,https://www.verizon.com/about/news/press-releases,Verizon official press releases archive,yes,yes,no,83,https://www.verizon.com/about/news/press-releases,,https://www.verizon.com/about/news/press-releases,,URLError: <urlopen error [Errno 11001] getaddrinfo failed>,0,,0,0,0,0,fetch_failed_check_manual,Base URL failed in urllib; may need curl/browser/cert fallback before judging history.,,,,,,,,,,,https://www.verizon.com/sitemap.xml:ERR | https://www.verizon.com/sitemap_index.xml:ERR | https://www.verizon.com/wp-sitemap.xml:ERR | https://www.verizon.com/post-sitemap.xml:ERR | https://www.verizon.com/news-sitemap.xml:ERR,2026-05-13T10:03:16Z
VZ,Verizon,earnings_results_archive,https://www.verizon.com/about/investors/quarterly-reports,Verizon quarterly reports and earnings materials archive,yes,yes,yes,84,https://www.verizon.com/about/investors/quarterly-reports,,https://www.verizon.com/about/investors/quarterly-reports,,URLError: <urlopen error [Errno 11001] getaddrinfo failed>,0,,0,0,0,0,fetch_failed_check_manual,Base URL failed in urllib; may need curl/browser/cert fallback before judging history.,,,,,,,,,,,https://www.verizon.com/sitemap.xml:ERR | https://www.verizon.com/sitemap_index.xml:ERR | https://www.verizon.com/wp-sitemap.xml:ERR | https://www.verizon.com/post-sitemap.xml:ERR | https://www.verizon.com/news-sitemap.xml:ERR,2026-05-13T10:03:16Z
WMT,Walmart,company_news_archive,https://corporate.walmart.com/news,Walmart corporate news archive,yes,yes,no,85,https://corporate.walmart.com/news,,https://corporate.walmart.com/news,,URLError: <urlopen error [Errno 11001] getaddrinfo failed>,0,,0,0,0,0,fetch_failed_check_manual,Base URL failed in urllib; may need curl/browser/cert fallback before judging history.,,,,,,,,,,,https://corporate.walmart.com/sitemap.xml:ERR | https://corporate.walmart.com/sitemap_index.xml:ERR | https://corporate.walmart.com/wp-sitemap.xml:ERR | https://corporate.walmart.com/post-sitemap.xml:ERR | https://corporate.walmart.com/news-sitemap.xml:ERR,2026-05-13T10:03:16Z
WMT,Walmart,press_releases_archive,https://stock.walmart.com/investors/default.aspx,Walmart investor relations page with latest news and press releases,yes,yes,yes,86,https://stock.walmart.com/investors/default.aspx,,https://stock.walmart.com/investors/default.aspx,,URLError: <urlopen error [Errno 11001] getaddrinfo failed>,0,,0,0,0,0,fetch_failed_check_manual,Base URL failed in urllib; may need curl/browser/cert fallback before judging history.,,,,,,,,,,,https://stock.walmart.com/sitemap.xml:ERR | https://stock.walmart.com/sitemap_index.xml:ERR | https://stock.walmart.com/wp-sitemap.xml:ERR | https://stock.walmart.com/post-sitemap.xml:ERR | https://stock.walmart.com/news-sitemap.xml:ERR,2026-05-13T10:03:16Z
WMT,Walmart,earnings_results_archive,https://stock.walmart.com/financial-information/financial-results,Walmart financial results archive with earnings releases and quarterly materials,yes,yes,yes,87,https://stock.walmart.com/financial-information/financial-results,,https://stock.walmart.com/financial-information/financial-results,,URLError: <urlopen error [Errno 11001] getaddrinfo failed>,0,,0,0,0,0,fetch_failed_check_manual,Base URL failed in urllib; may need curl/browser/cert fallback before judging history.,,,,,,,,,,,https://stock.walmart.com/sitemap.xml:ERR | https://stock.walmart.com/sitemap_index.xml:ERR | https://stock.walmart.com/wp-sitemap.xml:ERR | https://stock.walmart.com/post-sitemap.xml:ERR | https://stock.walmart.com/news-sitemap.xml:ERR,2026-05-13T10:03:16Z
